ozks,0.01421675,6,CVE-2026-2265
ozks,0.796670084,2168,CVE-2026-33949
ozks,0.045802626,56,CVE-2026-33990
ozks,0.794119083,2168,CVE-2026-34603
ozks,0.794250583,2167,CVE-2026-34604
ozks,0.146115584,401,CVE-2026-34076
ozks,1.063236542,2925,CVE-2026-34751
ozks,0.186385458,438,CVE-2026-5199
ozks,0.624269124,1716,CVE-2026-34746
ozks,0.623114624,1716,CVE-2026-34747
ozks,0.442486625,1197,CVE-2026-34748
ozks,0.635193542,1716,CVE-2026-34749
ozks,1.343907292,3710,CVE-2026-34750
ozks,0.090557125,140,CVE-2026-34528
ozks,0.075851792,140,CVE-2026-34529
ozks,0.071379542,140,CVE-2026-34530
ozks,0.010298458,4,CVE-2026-5323
ozks,0.041496999,47,CVE-2026-5327
ozks,0.078666166,139,CVE-2026-3872
ozks,0.077797792,139,CVE-2026-4282
ozks,0.077816458,139,CVE-2026-4325
ozks,0.077293749,139,CVE-2026-4634
ozks,0.083388751,139,CVE-2026-4636
ozks,0.023339584,13,CVE-2026-33544
ozks,0.096067667,189,CVE-2026-33950
ozks,0.094495125,188,CVE-2026-33951
ozks,0.014581167,15,CVE-2026-34083
ozks,0.094026917,190,CVE-2026-35038
ozks,0.060885625,83,CVE-2026-34522
ozks,0.05083025,83,CVE-2026-34523
ozks,0.053967792,83,CVE-2026-34524
ozks,0.0553265,83,CVE-2026-34526
ozks,0.054991417,71,CVE-2026-34601
ozks,0.016381792,16,CVE-2026-34725
ozks,0.038365167,69,CVE-2026-34425
ozks,0.032069542,55,CVE-2026-34426
ozks,0.012520416,4,CVE-2026-34581
ozks,0.023901833,19,CVE-2026-34742
ozks,0.071245,110,CVE-2026-34752
ozks,0.036730792,37,CVE-2026-34761
ozks,0.029513584,37,CVE-2026-34762
ozks,0.308226209,778,CVE-2026-34825
ozks,0.516649542,1335,CVE-2026-5467
ozks,0.073797542,112,CVE-2026-25773
ozks,0.066493,112,CVE-2026-28736
ozks,0.50798825,1335,CVE-2026-5468
ozks,0.51524675,1335,CVE-2026-5469
ozks,1.127244167,3110,CVE-2026-25044
ozks,0.912783792,2505,CVE-2026-31818
ozks,1.122765541,3110,CVE-2026-35214
ozks,1.133291709,3110,CVE-2026-35216
ozks,0.038594541,69,CVE-2026-34511
ozks,0.608839166,1637,CVE-2026-34766
ozks,0.613170417,1648,CVE-2026-34767
ozks,0.609921834,1639,CVE-2026-34768
ozks,0.609029959,1637,CVE-2026-34769
ozks,0.605919999,1639,CVE-2026-34770
ozks,0.605473501,1637,CVE-2026-34771
ozks,0.61185375,1636,CVE-2026-34772
ozks,0.609147333,1641,CVE-2026-34773
ozks,0.609924834,1640,CVE-2026-34774
ozks,0.604834584,1647,CVE-2026-34775
ozks,0.60452075,1641,CVE-2026-34776
ozks,0.609281458,1641,CVE-2026-34777
ozks,0.610987792,1641,CVE-2026-34778
ozks,0.629619333,1639,CVE-2026-34779
ozks,0.037696501,71,CVE-2026-34780
ozks,0.038255084,31,CVE-2026-2826
ozks,0.010325333,4,CVE-2026-5602
ozks,0.009059333,3,CVE-2026-5603
ozks,0.078351334,140,CVE-2026-37977
ozks,0.051523584,59,CVE-2026-33540
ozks,0.414580667,1109,CVE-2026-34148
ozks,0.057477293,72,CVE-2026-34208
ozks,0.0568935,72,CVE-2026-34211
ozks,0.055154375,72,CVE-2026-34217
ozks,0.139048792,336,CVE-2026-34764
ozks,0.038628458,45,CVE-2026-34940
ozks,0.050907292,61,CVE-2026-34950
ozks,0.064462334,110,CVE-2026-34841
ozks,0.085986709,145,CVE-2026-34976
ozks,0.044026583,50,CVE-2026-34986
ozks,0.056979249,96,CVE-2026-34992
ozks,0.032378583,33,CVE-2026-35036
ozks,0.027817917,33,CVE-2026-35037
ozks,0.043664334,61,CVE-2026-35039
ozks,0.043683458,61,CVE-2026-35042
ozks,0.127723125,268,CVE-2026-35166
ozks,0.029025208,28,CVE-2026-35209
ozks,0.037173333,31,CVE-2026-33817
ozks,0.048824583,59,CVE-2026-35172
ozks,0.280840333,732,CVE-2026-35200
ozks,0.042515334,39,CVE-2026-34972
ozks,0.014788417,6,CVE-2026-35213
ozks,0.041908084,47,CVE-2026-35392
ozks,0.035225833,47,CVE-2026-35393
ozks,0.043945875,46,CVE-2026-35394
ozks,0.139425291,326,CVE-2026-35408
ozks,0.140001875,324,CVE-2026-35409
ozks,0.140713667,325,CVE-2026-35410
ozks,0.141241332,325,CVE-2026-35411
ozks,0.140646083,325,CVE-2026-35412
ozks,0.142432959,325,CVE-2026-35413
ozks,0.139378625,326,CVE-2026-35441
ozks,0.143450417,326,CVE-2026-35442
ozks,0.010765917,5,CVE-2026-35454
ozks,0.036518209,47,CVE-2026-35471
ozks,0.171831292,371,CVE-2026-33227
ozks,0.0982435,191,CVE-2026-34197
ozks,0.039215375,35,CVE-2026-35554
ozks,0.028696124,21,CVE-2026-35405
ozks,0.018420625,21,CVE-2026-35457
ozks,0.046278167,54,CVE-2026-35458
ozks,0.03840325,26,CVE-2026-35480
ozks,0.036020083,19,CVE-2026-4740
ozks,0.045620792,39,CVE-2026-33816
ozks,0.187410501,434,CVE-2026-35515
ozks,0.042103792,42,CVE-2026-35571
ozks,0.021917708,12,CVE-2026-27314
ozks,0.021072292,20,CVE-2026-27315
ozks,0.041387167,38,CVE-2026-32588
ozks,0.036487541,42,CVE-2026-35580
ozks,0.036172,42,CVE-2026-35581
ozks,0.033302041,42,CVE-2026-35583
ozks,0.085101374,143,CVE-2026-35585
ozks,0.084932458,142,CVE-2026-35604
ozks,0.078466417,142,CVE-2026-35605
ozks,0.071860459,142,CVE-2026-35606
ozks,0.075149791,142,CVE-2026-35607
ozks,0.005692999,1,CVE-2026-35613
ozks,0.284022625,739,CVE-2026-39321
ozks,0.007658959,2,CVE-2026-39360
ozks,0.006677458,2,CVE-2026-5736
ozks,0.004733542,1,CVE-2025-56015
ozks,0.3938815,1085,CVE-2026-39356
ozks,0.039782084,89,CVE-2026-39363
ozks,0.015183208,29,CVE-2026-39364
ozks,0.260640166,698,CVE-2026-39365
ozks,0.0224185,33,CVE-2026-39371
ozks,0.145404209,360,CVE-2026-39381
ozks,0.036924417,39,CVE-2026-39395
ozks,0.125446834,298,CVE-2026-3566
ozks,0.005491751,2,CVE-2026-5739
ozks,0.01199825,5,CVE-2026-29181
ozks,0.040153126,38,CVE-2026-33439
ozks,0.016282125,32,CVE-2026-35533
ozks,0.035108125,29,CVE-2026-39397
ozks,0.614230458,1658,CVE-2026-34765
ozks,0.614712292,1658,CVE-2026-34781
ozks,0.008375667,3,CVE-2026-35406
ozks,0.014076583,12,CVE-2026-35568
ozks,0.112173751,261,CVE-2026-3357
ozks,0.059738208,96,CVE-2026-3499
ozks,2.976303418,8209,CVE-2026-3477
ozks,0.040116751,36,CVE-2026-2481
ozks,0.106340334,186,CVE-2026-5795
ozks,0.060167458,81,CVE-2026-39406
ozks,0.161898499,418,CVE-2026-39407
ozks,0.072229292,163,CVE-2026-39408
ozks,0.161879251,418,CVE-2026-39409
ozks,0.162923458,418,CVE-2026-39410
ozks,0.003967417,2,CVE-2026-39865
ozks,0.036011791,28,CVE-2026-27806
ozks,0.111488625,222,CVE-2026-34166
ozks,0.030080791,43,CVE-2026-23869
ozks,0.107954959,222,CVE-2026-35525
ozks,0.166201875,429,CVE-2026-39411
ozks,0.108212708,223,CVE-2026-39412
ozks,0.111696833,224,CVE-2026-39859
ozks,0.044640001,60,CVE-2026-39429
ozks,0.085567458,133,CVE-2026-39882
ozks,0.035855626,33,CVE-2026-39883
ozks,0.070911791,106,CVE-2026-39885
ozks,0.153809792,300,CVE-2026-39901
ozks,0.040410417,73,CVE-2026-40037
ozks,0.0552,107,CVE-2026-3199
ozks,0.013438083,8,CVE-2026-5831
ozks,0.007591916,2,CVE-2026-5832
ozks,0.005264001,2,CVE-2026-5833
ozks,0.080084791,139,CVE-2026-5842
ozks,0.020185708,10,CVE-2025-62188
ozks,0.041916958,42,CVE-2026-4660
ozks,0.074415791,129,CVE-2025-62718
ozks,0.030041208,22,CVE-2026-33005
ozks,0.009980124,6,CVE-2026-33266
ozks,0.026790375,30,CVE-2026-34020
ozks,0.050774125,62,CVE-2026-35040
ozks,0.014319083,10,CVE-2026-35041
ozks,0.017603958,11,CVE-2026-35204
ozks,0.012025709,11,CVE-2026-35205
ozks,0.015361791,8,CVE-2026-39398
ozks,0.137443458,326,CVE-2026-39942
ozks,0.143400501,326,CVE-2026-39943
ozks,0.066865209,99,CVE-2026-39972
ozks,0.100754834,187,CVE-2026-39974
ozks,0.040028959,45,CVE-2026-40046
ozks,0.133332709,291,CVE-2026-39315
ozks,0.017719584,8,CVE-2026-39961
ozks,0.003833876,1,CVE-2026-39983
ozks,0.087253292,178,CVE-2026-34941
ozks,0.086301834,178,CVE-2026-34942
ozks,0.090724666,178,CVE-2026-34943
ozks,0.088254166,178,CVE-2026-34944
ozks,0.037335833,56,CVE-2026-34945
ozks,0.036926084,56,CVE-2026-34946
ozks,0.028167001,41,CVE-2026-34971
ozks,0.002353126,1,CVE-2026-34983
ozks,0.040843624,56,CVE-2026-34987
ozks,0.034746459,49,CVE-2026-34988
ozks,0.037306125,56,CVE-2026-35186
ozks,0.087759333,178,CVE-2026-35195
ozks,0.316412458,774,CVE-2026-24880
ozks,0.317074958,771,CVE-2026-25854
ozks,0.01109225,9,CVE-2026-29129
ozks,0.162652417,348,CVE-2026-29145
ozks,0.168200375,382,CVE-2026-29146
ozks,0.027907625,18,CVE-2026-32990
ozks,0.216571208,495,CVE-2026-34483
ozks,0.007452834,6,CVE-2026-34486
ozks,0.238649208,561,CVE-2026-34487
ozks,0.128260042,249,CVE-2026-34500
ozks,0.053525958,72,CVE-2026-40077
ozks,0.074895334,149,CVE-2026-35206
ozks,0.008559666,3,CVE-2026-40093
ozks,0.066199876,97,CVE-2026-40109
ozks,0.035761124,63,CVE-2026-35617
ozks,0.033711168,59,CVE-2026-35618
ozks,0.031907458,55,CVE-2026-35622
ozks,0.035693125,63,CVE-2026-35623
ozks,0.03084,55,CVE-2026-35624
ozks,0.032173501,55,CVE-2026-35626
ozks,0.032290584,55,CVE-2026-35627
ozks,0.035707625,63,CVE-2026-35628
ozks,0.034185875,64,CVE-2026-35629
ozks,0.022695458,35,CVE-2026-35632
ozks,0.032161917,55,CVE-2026-35633
ozks,0.032277333,59,CVE-2026-35634
ozks,0.032466833,55,CVE-2026-35635
ozks,0.032008666,55,CVE-2026-35637
ozks,0.032286917,55,CVE-2026-35639
ozks,0.036248958,64,CVE-2026-35640
ozks,0.036199875,63,CVE-2026-35645
ozks,0.036108126,64,CVE-2026-35646
ozks,0.028049874,22,CVE-2026-5986
ozks,0.006756542,7,CVE-2026-6011
ozks,0.005274501,1,CVE-2026-22750
ozks,0.182181041,383,CVE-2026-39304
ozks,0.243894375,591,CVE-2025-5804
ozks,0.031617042,37,CVE-2026-34477
ozks,0.022583833,17,CVE-2026-34478
ozks,0.054803751,74,CVE-2026-34480
ozks,0.031239625,28,CVE-2026-34481
ozks,0.033389583,31,CVE-2026-34727
ozks,0.025672167,31,CVE-2026-35594
ozks,0.023293709,31,CVE-2026-35595
ozks,0.024395042,31,CVE-2026-35596
ozks,0.02492875,31,CVE-2026-35597
ozks,0.026008792,31,CVE-2026-35598
ozks,0.026686874,31,CVE-2026-35599
ozks,0.026038791,31,CVE-2026-35600
ozks,0.025983001,31,CVE-2026-35601
ozks,0.026809876,31,CVE-2026-35602
ozks,0.033593875,60,CVE-2026-35619
ozks,0.034971042,62,CVE-2026-35620
ozks,0.034070125,60,CVE-2026-35621
ozks,0.004464542,1,CVE-2026-35641
ozks,0.030141583,55,CVE-2026-35643
ozks,0.034939501,63,CVE-2026-35647
ozks,0.031940958,55,CVE-2026-35648
ozks,0.032065459,55,CVE-2026-35649
ozks,0.031763125,55,CVE-2026-35650
ozks,0.025387749,41,CVE-2026-35651
ozks,0.032656333,55,CVE-2026-35652
ozks,0.034749583,62,CVE-2026-35653
ozks,0.035689459,63,CVE-2026-35654
ozks,0.032323458,55,CVE-2026-35655
ozks,0.031443917,55,CVE-2026-35656
ozks,0.035940542,63,CVE-2026-35657
ozks,0.026626166,44,CVE-2026-35658
ozks,0.03209525,55,CVE-2026-35659
ozks,0.034043249,59,CVE-2026-35660
ozks,0.035928624,63,CVE-2026-35661
ozks,0.031747084,55,CVE-2026-35662
ozks,0.032709875,63,CVE-2026-35663
ozks,0.035191333,63,CVE-2026-35664
ozks,0.035212125,62,CVE-2026-35665
ozks,0.031392208,55,CVE-2026-35666
ozks,0.033965043,62,CVE-2026-35667
ozks,0.033826208,62,CVE-2026-35668
ozks,0.035694625,63,CVE-2026-35669
ozks,0.032053001,55,CVE-2026-35670
ozks,0.356263124,939,CVE-2026-40073
ozks,0.353910707,939,CVE-2026-40074
ozks,0.043601333,51,CVE-2026-40097
ozks,0.032070999,31,CVE-2026-40103
ozks,0.238456084,601,CVE-2026-40163
ozks,0.072541249,129,CVE-2026-40175
ozks,0.063148792,92,CVE-2026-40180
ozks,0.011469875,7,CVE-2026-40188
ozks,0.034224333,47,CVE-2026-40189
ozks,0.164097458,404,CVE-2026-40190
ozks,0.014902334,9,CVE-2026-40242
ozks,0.189007459,439,CVE-2026-5724
ozks,0.132640083,293,CVE-2026-4150
ozks,0.065798667,125,CVE-2026-3358
ozks,0.051616667,66,CVE-2026-6125
ozks,0.026601917,21,CVE-2026-35337
ozks,0.031276917,21,CVE-2026-35565
ozks,0.004947917,2,CVE-2026-34476
ozks,0.121242,264,CVE-2026-28291
ozks,0.111019917,228,CVE-2026-6216
ozks,0.009302334,3,CVE-2026-34069
ozks,0.070934292,132,CVE-2026-34984
ozks,0.019669749,21,CVE-2026-33929
ozks,0.049447374,70,CVE-2025-13822
ozks,0.065094708,94,CVE-2026-2332
ozks,0.025760834,50,CVE-2025-61260
ozks,0.088864417,138,CVE-2026-37980
ozks,0.020781208,15,CVE-2026-2401
ozks,0.64226325,1708,CVE-2026-2405
ozks,0.0515965,64,CVE-2026-33414
ozks,0.015408458,9,CVE-2026-34454
ozks,0.032319459,33,CVE-2026-34457
ozks,0.016212167,17,CVE-2026-33806
ozks,0.045525042,47,CVE-2026-39842
ozks,0.050088833,69,CVE-2026-39884
ozks,0.015022833,6,CVE-2026-39984
ozks,0.085199916,134,CVE-2026-40090
ozks,0.015611999,5,CVE-2026-40091
ozks,0.040527249,33,CVE-2026-0636
ozks,0.023163917,16,CVE-2026-33807
ozks,0.021050625,16,CVE-2026-33808
ozks,0.077643083,119,CVE-2026-5588
ozks,0.009228084,3,CVE-2026-30778
ozks,0.054560416,76,CVE-2026-33805
ozks,0.022963999,21,CVE-2026-5758
ozks,0.059576084,78,CVE-2026-6290
ozks,0.153189917,330,CVE-2026-6383
ozks,0.08744775,145,CVE-2025-41118
ozks,0.037587667,37,CVE-2026-21726
ozks,0.430604042,1123,CVE-2026-33877
ozks,0.412385458,1123,CVE-2026-33888
ozks,0.418536791,1123,CVE-2026-33889
ozks,0.418736959,1122,CVE-2026-35569
ozks,0.417595292,1122,CVE-2026-39857
ozks,0.074828458,165,CVE-2026-40173
ozks,0.003653418,1,CVE-2026-40186
ozks,0.066946792,134,CVE-2026-40179
ozks,0.033237626,31,CVE-2026-40193
ozks,0.020646416,16,CVE-2026-40245
ozks,0.024040084,18,CVE-2026-3299
ozks,0.184301001,434,CVE-2026-3551
ozks,0.012822375,11,CVE-2026-6414
ozks,0.023959083,17,CVE-2026-6270
ozks,0.0164495,11,CVE-2026-6410
ozks,0.176173792,396,CVE-2026-2840
ozks,0.025891334,17,CVE-2026-33804
ozks,0.425380375,1099,CVE-2026-3324
ozks,0.0100915,3,CVE-2026-34164
ozks,0.012226542,5,CVE-2026-35469
ozks,0.084264542,146,CVE-2026-39313
ozks,0.029408834,16,CVE-2026-40246
ozks,0.016657167,16,CVE-2026-40247
ozks,0.01514075,16,CVE-2026-40248
ozks,0.018383791,16,CVE-2026-40249
ozks,0.185894916,436,CVE-2026-40255
ozks,0.129466,238,CVE-2026-3605
ozks,0.110061417,230,CVE-2026-4525
ozks,0.045817042,61,CVE-2026-5052
ozks,0.133240125,289,CVE-2026-5807
ozks,0.08079475,143,CVE-2026-40458
ozks,0.045934376,50,CVE-2026-6437
ozks,0.155486875,350,CVE-2026-35603
ozks,0.010645625,13,CVE-2026-40155
ozks,0.069337125,100,CVE-2026-40293
ozks,0.190841791,459,CVE-2026-40299
ozks,0.091911667,134,CVE-2026-40302
ozks,0.076103875,134,CVE-2026-40303
ozks,0.076413667,134,CVE-2026-40304
ozks,0.035761667,42,CVE-2026-40477
ozks,0.043368793,42,CVE-2026-40478
ozks,0.147764625,301,CVE-2026-40481
ozks,0.309684625,786,CVE-2026-40346
ozks,0.038477,46,CVE-2026-35582
ozks,0.127416917,264,CVE-2026-40490
ozks,1.487501624,4098,CVE-2026-2505
ozks,0.094989292,176,CVE-2026-41242
ozks,0.021514916,13,CVE-2026-6594
ozks,0.005317041,2,CVE-2026-33557
ozks,0.046285791,57,CVE-2026-33558
ozks,0.086975,178,CVE-2026-3519
ozks,0.025800625,26,CVE-2026-41245
ozks,0.018379375,14,CVE-2026-32604
ozks,0.106720583,185,CVE-2026-32613
ozks,0.017801583,14,CVE-2026-35570
ozks,0.037368792,69,CVE-2026-40045
ozks,0.035443458,63,CVE-2026-41294
ozks,0.038312041,69,CVE-2026-41295
ozks,0.036136667,65,CVE-2026-41296
ozks,0.036253166,65,CVE-2026-41297
ozks,0.037939542,69,CVE-2026-41298
ozks,0.035863958,63,CVE-2026-41299
ozks,0.036858458,65,CVE-2026-41300
ozks,0.008998209,11,CVE-2026-41301
ozks,0.036499709,65,CVE-2026-41302
ozks,0.035009167,63,CVE-2026-41303
ozks,0.037058958,65,CVE-2026-41329
ozks,0.036173542,65,CVE-2026-41330
ozks,0.036318709,65,CVE-2026-41331
ozks,0.093921999,191,CVE-2026-39320
ozks,0.152247583,340,CVE-2026-39861
ozks,0.007362666,2,CVE-2026-39973
ozks,0.048166834,50,CVE-2025-1241
ozks,0.03284675,52,CVE-2026-3298
ozks,0.074083834,119,CVE-2026-25542
ozks,0.019238501,21,CVE-2026-40161
ozks,0.031073167,29,CVE-2026-40574
ozks,0.080719041,107,CVE-2026-40611
ozks,0.137208083,288,CVE-2026-40868
ozks,0.044289458,53,CVE-2026-40876
ozks,0.179830625,414,CVE-2026-40879
ozks,0.048295125,58,CVE-2026-40880
ozks,0.045119959,57,CVE-2026-40881
ozks,0.004013875,2,CVE-2026-40883
ozks,0.038219375,53,CVE-2026-40884
ozks,0.003919042,2,CVE-2026-40885
ozks,0.140884167,341,CVE-2026-40887
ozks,0.039477624,40,CVE-2026-40910
ozks,0.111185917,236,CVE-2026-40923
ozks,0.109313292,236,CVE-2026-40924
ozks,0.022407625,24,CVE-2026-40938
ozks,0.023548708,29,CVE-2026-40931
ozks,0.104423125,206,CVE-2026-40933
ozks,0.047127749,51,CVE-2026-40939
ozks,0.025931874,25,CVE-2026-40942
ozks,0.045607333,53,CVE-2026-40943
ozks,0.037607874,53,CVE-2026-40944
ozks,0.038652626,53,CVE-2026-40945
ozks,0.037751876,53,CVE-2026-40946
ozks,0.021346542,16,CVE-2026-40343
ozks,0.031731293,19,CVE-2026-40575
ozks,0.018432874,19,CVE-2026-41059
ozks,0.06995775,107,CVE-2026-41131
ozks,0.025280583,19,CVE-2026-41135
ozks,0.025072542,20,CVE-2026-41136
ozks,0.130171042,355,CVE-2026-2714
ozks,0.208498709,492,CVE-2026-4088
ozks,0.039616791,38,CVE-2026-4119
ozks,0.065653041,120,CVE-2026-4121
ozks,0.288718001,709,CVE-2026-4126
ozks,0.062465084,130,CVE-2026-4133
ozks,0.052430292,50,CVE-2026-4142
ozks,0.11743625,224,CVE-2026-32885
ozks,0.008333957,3,CVE-2026-33471
ozks,0.009882084,3,CVE-2026-34064
ozks,0.009257874,3,CVE-2026-34065
ozks,0.00978825,3,CVE-2026-34066
ozks,0.007106666,3,CVE-2026-34067
ozks,0.004821416,3,CVE-2026-34068
ozks,0.051140459,47,CVE-2026-40882
ozks,0.007847959,2,CVE-2026-40937
ozks,0.035999958,48,CVE-2026-41166
ozks,0.055299751,74,CVE-2026-41176
ozks,0.047465791,72,CVE-2026-41179
ozks,0.02054875,13,CVE-2026-41180
ozks,0.029433666,38,CVE-2026-41197
ozks,0.097598083,183,CVE-2026-41208
ozks,0.060856417,101,CVE-2026-41211
ozks,0.026131375,22,CVE-2026-3361
ozks,0.029792042,31,CVE-2026-41238
ozks,0.058029084,97,CVE-2026-41239
ozks,0.074159166,136,CVE-2026-41240
ozks,0.040653749,34,CVE-2026-40886
ozks,0.027554375,19,CVE-2026-41213
ozks,0.066398167,90,CVE-2026-41246
ozks,0.103614208,206,CVE-2026-41137
ozks,0.105017334,206,CVE-2026-41138
ozks,0.109976791,206,CVE-2026-41264
ozks,0.109132375,206,CVE-2026-41265
ozks,0.057697625,99,CVE-2026-41266
ozks,0.062311833,99,CVE-2026-41267
ozks,0.107909042,206,CVE-2026-41268
ozks,0.062581917,99,CVE-2026-41269
ozks,0.1068395,206,CVE-2026-41271
ozks,0.103507126,206,CVE-2026-41272
ozks,0.060323583,99,CVE-2026-41273
ozks,0.062304375,99,CVE-2026-41275
ozks,0.059948667,99,CVE-2026-41276
ozks,0.06189325,99,CVE-2026-41277
ozks,0.062189833,99,CVE-2026-41278
ozks,0.06151475,99,CVE-2026-41279
ozks,0.102942375,206,CVE-2026-41274
ozks,0.035327125,33,CVE-2026-29050
ozks,0.026518208,33,CVE-2026-29051
ozks,0.144188375,323,CVE-2026-33318
ozks,0.12594625,273,CVE-2026-41305
ozks,0.132456499,291,CVE-2026-41068
ozks,0.128345708,288,CVE-2026-41323
ozks,0.071883417,116,CVE-2026-41324
ozks,0.041204542,52,CVE-2026-41485
ozks,0.108199167,250,CVE-2026-3565
ozks,0.017252749,27,CVE-2026-40897
ozks,0.483351375,1312,CVE-2026-41067
ozks,0.121032833,249,CVE-2026-41321
ozks,0.086085626,158,CVE-2026-41322
ozks,0.051269958,78,CVE-2026-41676
ozks,0.059484541,103,CVE-2026-41677
ozks,0.042063667,54,CVE-2026-41678
ozks,0.029506959,39,CVE-2026-41681
ozks,0.0286445,19,CVE-2026-33524
ozks,0.09581275,167,CVE-2026-41327
ozks,0.085980751,167,CVE-2026-41328
ozks,0.092118332,167,CVE-2026-41492
ozks,0.013311583,6,CVE-2026-2265
ozks,0.792349708,2168,CVE-2026-33949
ozks,0.050652166,56,CVE-2026-33990
ozks,0.791523833,2168,CVE-2026-34603
ozks,0.800695875,2167,CVE-2026-34604
ozks,0.147510917,401,CVE-2026-34076
ozks,1.063199208,2925,CVE-2026-34751
ozks,0.203646334,438,CVE-2026-5199
ozks,0.625512917,1716,CVE-2026-34746
ozks,0.625007,1716,CVE-2026-34747
ozks,0.442132917,1197,CVE-2026-34748
ozks,0.624771958,1716,CVE-2026-34749
ozks,1.355246792,3710,CVE-2026-34750
ozks,0.093974667,140,CVE-2026-34528
ozks,0.077417959,140,CVE-2026-34529
ozks,0.076196833,140,CVE-2026-34530
ozks,0.010547041,4,CVE-2026-5323
ozks,0.044251167,47,CVE-2026-5327
ozks,0.087959791,139,CVE-2026-3872
ozks,0.077839541,139,CVE-2026-4282
ozks,0.07861475,139,CVE-2026-4325
ozks,0.07720875,139,CVE-2026-4634
ozks,0.077334374,139,CVE-2026-4636
ozks,0.023781749,13,CVE-2026-33544
ozks,0.088190208,189,CVE-2026-33950
ozks,0.091566375,188,CVE-2026-33951
ozks,0.013192624,15,CVE-2026-34083
ozks,0.093182584,190,CVE-2026-35038
ozks,0.062078708,83,CVE-2026-34522
ozks,0.053536334,83,CVE-2026-34523
ozks,0.053682708,83,CVE-2026-34524
ozks,0.055373792,83,CVE-2026-34526
ozks,0.051454292,71,CVE-2026-34601
ozks,0.017924417,16,CVE-2026-34725
ozks,0.039162209,69,CVE-2026-34425
ozks,0.031817499,55,CVE-2026-34426
ozks,0.010349042,4,CVE-2026-34581
ozks,0.021386,19,CVE-2026-34742
ozks,0.062277708,110,CVE-2026-34752
ozks,0.0456085,37,CVE-2026-34761
ozks,0.029017541,37,CVE-2026-34762
ozks,0.305448209,778,CVE-2026-34825
ozks,0.514506416,1335,CVE-2026-5467
ozks,0.082162584,112,CVE-2026-25773
ozks,0.064007166,112,CVE-2026-28736
ozks,0.51472125,1335,CVE-2026-5468
ozks,0.511820084,1335,CVE-2026-5469
ozks,1.123843334,3110,CVE-2026-25044
ozks,0.90966425,2505,CVE-2026-31818
ozks,1.130797084,3110,CVE-2026-35214
ozks,1.122786416,3110,CVE-2026-35216
ozks,0.038290249,69,CVE-2026-34511
ozks,0.611080791,1637,CVE-2026-34766
ozks,0.613349792,1648,CVE-2026-34767
ozks,0.610415209,1639,CVE-2026-34768
ozks,0.611763499,1637,CVE-2026-34769
ozks,0.608819667,1639,CVE-2026-34770
ozks,0.608424626,1637,CVE-2026-34771
ozks,0.637597208,1636,CVE-2026-34772
ozks,0.608722291,1641,CVE-2026-34773
ozks,0.611967334,1640,CVE-2026-34774
ozks,0.612933499,1647,CVE-2026-34775
ozks,0.615238875,1641,CVE-2026-34776
ozks,0.609917084,1641,CVE-2026-34777
ozks,0.615335834,1641,CVE-2026-34778
ozks,0.603716626,1639,CVE-2026-34779
ozks,0.040199125,71,CVE-2026-34780
ozks,0.03892025,31,CVE-2026-2826
ozks,0.009844209,4,CVE-2026-5602
ozks,0.007428501,3,CVE-2026-5603
ozks,0.076147624,140,CVE-2026-37977
ozks,0.054051167,59,CVE-2026-33540
ozks,0.409039,1109,CVE-2026-34148
ozks,0.056159417,72,CVE-2026-34208
ozks,0.050521832,72,CVE-2026-34211
ozks,0.052090833,72,CVE-2026-34217
ozks,0.138458249,336,CVE-2026-34764
ozks,0.045302418,45,CVE-2026-34940
ozks,0.047528291,61,CVE-2026-34950
ozks,0.071587084,110,CVE-2026-34841
ozks,0.086113334,145,CVE-2026-34976
ozks,0.0411715,50,CVE-2026-34986
ozks,0.068491459,96,CVE-2026-34992
ozks,0.034072583,33,CVE-2026-35036
ozks,0.027537542,33,CVE-2026-35037
ozks,0.045088875,61,CVE-2026-35039
ozks,0.043645292,61,CVE-2026-35042
ozks,0.130828625,268,CVE-2026-35166
ozks,0.029070041,28,CVE-2026-35209
ozks,0.033678583,31,CVE-2026-33817
ozks,0.050203417,59,CVE-2026-35172
ozks,0.281482792,732,CVE-2026-35200
ozks,0.038272333,39,CVE-2026-34972
ozks,0.008040375,6,CVE-2026-35213
ozks,0.046926542,47,CVE-2026-35392
ozks,0.036316084,47,CVE-2026-35393
ozks,0.041891,46,CVE-2026-35394
ozks,0.151235542,326,CVE-2026-35408
ozks,0.139679958,324,CVE-2026-35409
ozks,0.142082375,325,CVE-2026-35410
ozks,0.138627626,325,CVE-2026-35411
ozks,0.141146583,325,CVE-2026-35412
ozks,0.14194,325,CVE-2026-35413
ozks,0.140633916,326,CVE-2026-35441
ozks,0.142564751,326,CVE-2026-35442
ozks,0.012633999,5,CVE-2026-35454
ozks,0.035742667,47,CVE-2026-35471
ozks,0.174967874,371,CVE-2026-33227
ozks,0.092936124,191,CVE-2026-34197
ozks,0.033964,35,CVE-2026-35554
ozks,0.023758042,21,CVE-2026-35405
ozks,0.019998707,21,CVE-2026-35457
ozks,0.045918667,54,CVE-2026-35458
ozks,0.030338792,26,CVE-2026-35480
ozks,0.028446125,19,CVE-2026-4740
ozks,0.0390365,39,CVE-2026-33816
ozks,0.185671167,434,CVE-2026-35515
ozks,0.043878625,42,CVE-2026-35571
ozks,0.018107125,12,CVE-2026-27314
ozks,0.020018334,20,CVE-2026-27315
ozks,0.036090792,38,CVE-2026-32588
ozks,0.035049124,42,CVE-2026-35580
ozks,0.035890292,42,CVE-2026-35581
ozks,0.036388333,42,CVE-2026-35583
ozks,0.077680791,143,CVE-2026-35585
ozks,0.077635459,142,CVE-2026-35604
ozks,0.07687225,142,CVE-2026-35605
ozks,0.077382832,142,CVE-2026-35606
ozks,0.077114667,142,CVE-2026-35607
ozks,0.005430958,1,CVE-2026-35613
ozks,0.280620582,739,CVE-2026-39321
ozks,0.009975457,2,CVE-2026-39360
ozks,0.00772325,2,CVE-2026-5736
ozks,0.005170625,1,CVE-2025-56015
ozks,0.391194501,1085,CVE-2026-39356
ozks,0.039646042,89,CVE-2026-39363
ozks,0.013563833,29,CVE-2026-39364
ozks,0.262014375,698,CVE-2026-39365
ozks,0.024516207,33,CVE-2026-39371
ozks,0.143786125,360,CVE-2026-39381
ozks,0.035064708,39,CVE-2026-39395
ozks,0.132036708,298,CVE-2026-3566
ozks,0.005591375,2,CVE-2026-5739
ozks,0.007199125,5,CVE-2026-29181
ozks,0.032569459,38,CVE-2026-33439
ozks,0.01646775,32,CVE-2026-35533
ozks,0.032428582,29,CVE-2026-39397
ozks,0.618337583,1658,CVE-2026-34765
ozks,0.613817916,1658,CVE-2026-34781
ozks,0.007941708,3,CVE-2026-35406
ozks,0.022623082,12,CVE-2026-35568
ozks,0.112261917,261,CVE-2026-3357
ozks,0.063116083,96,CVE-2026-3499
ozks,2.967968334,8209,CVE-2026-3477
ozks,0.031897541,36,CVE-2026-2481
ozks,0.093395624,186,CVE-2026-5795
ozks,0.058366667,81,CVE-2026-39406
ozks,0.163250917,418,CVE-2026-39407
ozks,0.070408959,163,CVE-2026-39408
ozks,0.162561,418,CVE-2026-39409
ozks,0.164834583,418,CVE-2026-39410
ozks,0.004349875,2,CVE-2026-39865
ozks,0.03142825,28,CVE-2026-27806
ozks,0.107773624,222,CVE-2026-34166
ozks,0.029369375,43,CVE-2026-23869
ozks,0.1090725,222,CVE-2026-35525
ozks,0.176992041,429,CVE-2026-39411
ozks,0.105225167,223,CVE-2026-39412
ozks,0.106580792,224,CVE-2026-39859
ozks,0.047749667,60,CVE-2026-39429
ozks,0.084111,133,CVE-2026-39882
ozks,0.036969875,33,CVE-2026-39883
ozks,0.06721325,106,CVE-2026-39885
ozks,0.135764042,300,CVE-2026-39901
ozks,0.039409792,73,CVE-2026-40037
ozks,0.053110834,107,CVE-2026-3199
ozks,0.013897041,8,CVE-2026-5831
ozks,0.006279791,2,CVE-2026-5832
ozks,0.00789375,2,CVE-2026-5833
ozks,0.086336749,139,CVE-2026-5842
ozks,0.015940916,10,CVE-2025-62188
ozks,0.043188375,42,CVE-2026-4660
ozks,0.07384225,129,CVE-2025-62718
ozks,0.016611541,22,CVE-2026-33005
ozks,0.009695834,6,CVE-2026-33266
ozks,0.027223834,30,CVE-2026-34020
ozks,0.047616917,62,CVE-2026-35040
ozks,0.013020499,10,CVE-2026-35041
ozks,0.020731,11,CVE-2026-35204
ozks,0.012378834,11,CVE-2026-35205
ozks,0.016644667,8,CVE-2026-39398
ozks,0.141341416,326,CVE-2026-39942
ozks,0.142597292,326,CVE-2026-39943
ozks,0.060898708,99,CVE-2026-39972
ozks,0.099382083,187,CVE-2026-39974
ozks,0.051308084,45,CVE-2026-40046
ozks,0.136583668,291,CVE-2026-39315
ozks,0.015029917,8,CVE-2026-39961
ozks,0.003785084,1,CVE-2026-39983
ozks,0.087088167,178,CVE-2026-34941
ozks,0.089968667,178,CVE-2026-34942
ozks,0.086435124,178,CVE-2026-34943
ozks,0.092308167,178,CVE-2026-34944
ozks,0.03767775,56,CVE-2026-34945
ozks,0.038095209,56,CVE-2026-34946
ozks,0.031837459,41,CVE-2026-34971
ozks,0.002226501,1,CVE-2026-34983
ozks,0.036233292,56,CVE-2026-34987
ozks,0.03364175,49,CVE-2026-34988
ozks,0.036958625,56,CVE-2026-35186
ozks,0.086957333,178,CVE-2026-35195
ozks,0.304355542,774,CVE-2026-24880
ozks,0.306944126,771,CVE-2026-25854
ozks,0.019931875,9,CVE-2026-29129
ozks,0.154532792,348,CVE-2026-29145
ozks,0.170900458,382,CVE-2026-29146
ozks,0.019886334,18,CVE-2026-32990
ozks,0.218728375,495,CVE-2026-34483
ozks,0.015084417,6,CVE-2026-34486
ozks,0.240978125,561,CVE-2026-34487
ozks,0.12849275,249,CVE-2026-34500
ozks,0.057434583,72,CVE-2026-40077
ozks,0.087007626,149,CVE-2026-35206
ozks,0.010332916,3,CVE-2026-40093
ozks,0.066571459,97,CVE-2026-40109
ozks,0.035408958,63,CVE-2026-35617
ozks,0.034040958,59,CVE-2026-35618
ozks,0.031855792,55,CVE-2026-35622
ozks,0.034775917,63,CVE-2026-35623
ozks,0.031480958,55,CVE-2026-35624
ozks,0.031963749,55,CVE-2026-35626
ozks,0.031716292,55,CVE-2026-35627
ozks,0.035307708,63,CVE-2026-35628
ozks,0.039700084,64,CVE-2026-35629
ozks,0.022730333,35,CVE-2026-35632
ozks,0.031355125,55,CVE-2026-35633
ozks,0.033812084,59,CVE-2026-35634
ozks,0.031159042,55,CVE-2026-35635
ozks,0.03191625,55,CVE-2026-35637
ozks,0.032424584,55,CVE-2026-35639
ozks,0.036196375,64,CVE-2026-35640
ozks,0.035458958,63,CVE-2026-35645
ozks,0.03616625,64,CVE-2026-35646
ozks,0.022961959,22,CVE-2026-5986
ozks,0.006194291,7,CVE-2026-6011
ozks,0.006117042,1,CVE-2026-22750
ozks,0.179547625,383,CVE-2026-39304
ozks,0.251818791,591,CVE-2025-5804
ozks,0.031988167,37,CVE-2026-34477
ozks,0.02550225,17,CVE-2026-34478
ozks,0.057467,74,CVE-2026-34480
ozks,0.030906082,28,CVE-2026-34481
ozks,0.03327925,31,CVE-2026-34727
ozks,0.026050084,31,CVE-2026-35594
ozks,0.025868084,31,CVE-2026-35595
ozks,0.025403084,31,CVE-2026-35596
ozks,0.026353207,31,CVE-2026-35597
ozks,0.02504375,31,CVE-2026-35598
ozks,0.029298791,31,CVE-2026-35599
ozks,0.025660292,31,CVE-2026-35600
ozks,0.026787667,31,CVE-2026-35601
ozks,0.027871833,31,CVE-2026-35602
ozks,0.034541833,60,CVE-2026-35619
ozks,0.035427584,62,CVE-2026-35620
ozks,0.033924125,60,CVE-2026-35621
ozks,0.002062541,1,CVE-2026-35641
ozks,0.032206583,55,CVE-2026-35643
ozks,0.035689666,63,CVE-2026-35647
ozks,0.032060708,55,CVE-2026-35648
ozks,0.029720166,55,CVE-2026-35649
ozks,0.031810167,55,CVE-2026-35650
ozks,0.022596583,41,CVE-2026-35651
ozks,0.031920958,55,CVE-2026-35652
ozks,0.035060083,62,CVE-2026-35653
ozks,0.035412709,63,CVE-2026-35654
ozks,0.032579333,55,CVE-2026-35655
ozks,0.031866833,55,CVE-2026-35656
ozks,0.037063541,63,CVE-2026-35657
ozks,0.026978834,44,CVE-2026-35658
ozks,0.032234667,55,CVE-2026-35659
ozks,0.033876916,59,CVE-2026-35660
ozks,0.035663083,63,CVE-2026-35661
ozks,0.032173709,55,CVE-2026-35662
ozks,0.035687751,63,CVE-2026-35663
ozks,0.034910292,63,CVE-2026-35664
ozks,0.034842125,62,CVE-2026-35665
ozks,0.032354042,55,CVE-2026-35666
ozks,0.034865,62,CVE-2026-35667
ozks,0.035008417,62,CVE-2026-35668
ozks,0.035633208,63,CVE-2026-35669
ozks,0.032183583,55,CVE-2026-35670
ozks,0.356170375,939,CVE-2026-40073
ozks,0.358307417,939,CVE-2026-40074
ozks,0.043572334,51,CVE-2026-40097
ozks,0.036095667,31,CVE-2026-40103
ozks,0.229387624,601,CVE-2026-40163
ozks,0.089109166,129,CVE-2026-40175
ozks,0.069415833,92,CVE-2026-40180
ozks,0.010328708,7,CVE-2026-40188
ozks,0.034545292,47,CVE-2026-40189
ozks,0.163943707,404,CVE-2026-40190
ozks,0.016363792,9,CVE-2026-40242
ozks,0.186244166,439,CVE-2026-5724
ozks,0.133801208,293,CVE-2026-4150
ozks,0.189279709,444,CVE-2026-4152
ozks,0.060333251,125,CVE-2026-3358
ozks,0.058345708,66,CVE-2026-6125
ozks,0.03114025,21,CVE-2026-35337
ozks,0.031548,21,CVE-2026-35565
ozks,0.00809575,2,CVE-2026-34476
ozks,0.125793917,264,CVE-2026-28291
ozks,0.116101208,228,CVE-2026-6216
ozks,0.009157251,3,CVE-2026-34069
ozks,0.079691125,132,CVE-2026-34984
ozks,0.025162416,21,CVE-2026-33929
ozks,0.045158708,70,CVE-2025-13822
ozks,0.053942875,94,CVE-2026-2332
ozks,0.025225958,50,CVE-2025-61260
ozks,0.088000583,138,CVE-2026-37980
ozks,0.026197666,15,CVE-2026-2401
ozks,0.647566333,1708,CVE-2026-2405
ozks,0.057866042,64,CVE-2026-33414
ozks,0.021060668,9,CVE-2026-34454
ozks,0.031769001,33,CVE-2026-34457
ozks,0.014929874,17,CVE-2026-33806
ozks,0.04551325,47,CVE-2026-39842
ozks,0.052909667,69,CVE-2026-39884
ozks,0.014488832,6,CVE-2026-39984
ozks,0.08659275,134,CVE-2026-40090
ozks,0.013632584,5,CVE-2026-40091
ozks,0.035204625,33,CVE-2026-0636
ozks,0.021682959,16,CVE-2026-33807
ozks,0.018428875,16,CVE-2026-33808
ozks,0.062530916,119,CVE-2026-5588
ozks,0.04215675,43,CVE-2026-5598
ozks,0.006143125,3,CVE-2026-30778
ozks,0.058245084,76,CVE-2026-33805
ozks,0.028808084,21,CVE-2026-5758
ozks,0.057980375,78,CVE-2026-6290
ozks,0.152362792,330,CVE-2026-6383
ozks,0.080086417,145,CVE-2025-41118
ozks,0.0333865,37,CVE-2026-21726
ozks,0.41752025,1123,CVE-2026-33877
ozks,0.420555167,1123,CVE-2026-33888
ozks,0.418979667,1123,CVE-2026-33889
ozks,0.418732543,1122,CVE-2026-35569
ozks,0.418872417,1122,CVE-2026-39857
ozks,0.099571292,165,CVE-2026-40173
ozks,0.003411958,1,CVE-2026-40186
ozks,0.083801416,134,CVE-2026-40179
ozks,0.032888167,31,CVE-2026-40193
ozks,0.022669917,16,CVE-2026-40245
ozks,0.022037458,18,CVE-2026-3299
ozks,0.186158083,434,CVE-2026-3551
ozks,0.016654416,11,CVE-2026-6414
ozks,0.022807041,17,CVE-2026-6270
ozks,0.013908958,11,CVE-2026-6410
ozks,0.205110917,396,CVE-2026-2840
ozks,0.019827376,17,CVE-2026-33804
ozks,0.426243291,1099,CVE-2026-3324
ozks,0.008944834,3,CVE-2026-34164
ozks,0.015767624,5,CVE-2026-35469
ozks,0.084004625,146,CVE-2026-39313
ozks,0.020595959,16,CVE-2026-40246
ozks,0.014312999,16,CVE-2026-40247
ozks,0.016309958,16,CVE-2026-40248
ozks,0.01531275,16,CVE-2026-40249
ozks,0.184504042,436,CVE-2026-40255
ozks,0.126583833,238,CVE-2026-3605
ozks,0.110589958,230,CVE-2026-4525
ozks,0.043307083,61,CVE-2026-5052
ozks,0.129231374,289,CVE-2026-5807
ozks,0.080611166,143,CVE-2026-40458
ozks,0.043204125,50,CVE-2026-6437
ozks,0.155242792,350,CVE-2026-35603
ozks,0.015775917,13,CVE-2026-40155
ozks,0.067005333,100,CVE-2026-40293
ozks,0.189801375,459,CVE-2026-40299
ozks,0.080916124,134,CVE-2026-40302
ozks,0.076462709,134,CVE-2026-40303
ozks,0.0731285,134,CVE-2026-40304
ozks,0.044839792,42,CVE-2026-40477
ozks,0.036321083,42,CVE-2026-40478
ozks,0.146283458,301,CVE-2026-40481
ozks,0.316354708,786,CVE-2026-40346
ozks,0.037424126,46,CVE-2026-35582
ozks,0.127377958,264,CVE-2026-40490
ozks,1.481182542,4098,CVE-2026-2505
ozks,0.096501458,176,CVE-2026-41242
ozks,0.022650708,13,CVE-2026-6594
ozks,0.005820666,2,CVE-2026-33557
ozks,0.045505833,57,CVE-2026-33558
ozks,0.086065167,178,CVE-2026-3519
ozks,0.024503709,26,CVE-2026-41245
ozks,0.0185655,14,CVE-2026-32604
ozks,0.090903,185,CVE-2026-32613
ozks,0.020701083,14,CVE-2026-35570
ozks,0.038130583,69,CVE-2026-40045
ozks,0.035472292,63,CVE-2026-41294
ozks,0.037798167,69,CVE-2026-41295
ozks,0.036661167,65,CVE-2026-41296
ozks,0.036710333,65,CVE-2026-41297
ozks,0.037176083,69,CVE-2026-41298
ozks,0.035371583,63,CVE-2026-41299
ozks,0.036929375,65,CVE-2026-41300
ozks,0.009212791,11,CVE-2026-41301
ozks,0.035732167,65,CVE-2026-41302
ozks,0.035726541,63,CVE-2026-41303
ozks,0.036795749,65,CVE-2026-41329
ozks,0.0368625,65,CVE-2026-41330
ozks,0.034745542,65,CVE-2026-41331
ozks,0.093811167,191,CVE-2026-39320
ozks,0.152306208,340,CVE-2026-39861
ozks,0.007501416,2,CVE-2026-39973
ozks,0.044722959,50,CVE-2025-1241
ozks,0.031140166,52,CVE-2026-3298
ozks,0.0810925,119,CVE-2026-25542
ozks,0.019503125,21,CVE-2026-40161
ozks,0.031940333,29,CVE-2026-40574
ozks,0.079293459,107,CVE-2026-40611
ozks,0.032091583,26,CVE-2026-22751
ozks,0.141054,288,CVE-2026-40868
ozks,0.040661542,53,CVE-2026-40876
ozks,0.177672042,414,CVE-2026-40879
ozks,0.042817708,58,CVE-2026-40880
ozks,0.047306793,57,CVE-2026-40881
ozks,0.003887834,2,CVE-2026-40883
ozks,0.040045125,53,CVE-2026-40884
ozks,0.00394325,2,CVE-2026-40885
ozks,0.151012375,341,CVE-2026-40887
ozks,0.038722833,40,CVE-2026-40910
ozks,0.121775626,236,CVE-2026-40923
ozks,0.111492083,236,CVE-2026-40924
ozks,0.022631125,24,CVE-2026-40938
ozks,0.035530708,29,CVE-2026-40931
ozks,0.105383541,206,CVE-2026-40933
ozks,0.041707541,51,CVE-2026-40939
ozks,0.031182875,25,CVE-2026-40942
ozks,0.045074625,53,CVE-2026-40943
ozks,0.039325958,53,CVE-2026-40944
ozks,0.036819542,53,CVE-2026-40945
ozks,0.037938709,53,CVE-2026-40946
ozks,0.021943457,16,CVE-2026-40343
ozks,0.024608375,19,CVE-2026-40575
ozks,0.01836675,19,CVE-2026-41059
ozks,0.070900499,107,CVE-2026-41131
ozks,0.03021475,19,CVE-2026-41135
ozks,0.024412667,20,CVE-2026-41136
ozks,0.130103208,355,CVE-2026-2714
ozks,0.209198875,492,CVE-2026-4088
ozks,0.037717666,38,CVE-2026-4119
ozks,0.068580834,120,CVE-2026-4121
ozks,0.29034125,709,CVE-2026-4126
ozks,0.063734334,130,CVE-2026-4133
ozks,0.043169459,50,CVE-2026-4142
ozks,0.11597625,224,CVE-2026-32885
ozks,0.010559291,3,CVE-2026-33471
ozks,0.008670333,3,CVE-2026-34064
ozks,0.011062459,3,CVE-2026-34065
ozks,0.009206083,3,CVE-2026-34066
ozks,0.010785333,3,CVE-2026-34067
ozks,0.005943625,3,CVE-2026-34068
ozks,0.048275292,47,CVE-2026-40882
ozks,0.007817667,2,CVE-2026-40937
ozks,0.0390775,48,CVE-2026-41166
ozks,0.057863125,74,CVE-2026-41176
ozks,0.04489275,72,CVE-2026-41179
ozks,0.018847749,13,CVE-2026-41180
ozks,0.029654834,38,CVE-2026-41197
ozks,0.091016126,183,CVE-2026-41208
ozks,0.057243709,101,CVE-2026-41211
ozks,0.034415625,22,CVE-2026-3361
ozks,0.029341,31,CVE-2026-41238
ozks,0.060709667,97,CVE-2026-41239
ozks,0.076778791,136,CVE-2026-41240
ozks,0.035609125,34,CVE-2026-40886
ozks,0.026933583,19,CVE-2026-41213
ozks,0.063747959,90,CVE-2026-41246
ozks,0.105664291,206,CVE-2026-41137
ozks,0.102909916,206,CVE-2026-41138
ozks,0.103827417,206,CVE-2026-41264
ozks,0.10889075,206,CVE-2026-41265
ozks,0.063536,99,CVE-2026-41266
ozks,0.062383791,99,CVE-2026-41267
ozks,0.110632084,206,CVE-2026-41268
ozks,0.066324667,99,CVE-2026-41269
ozks,0.106779542,206,CVE-2026-41271
ozks,0.107798542,206,CVE-2026-41272
ozks,0.060755374,99,CVE-2026-41273
ozks,0.062499418,99,CVE-2026-41275
ozks,0.058296792,99,CVE-2026-41276
ozks,0.065014167,99,CVE-2026-41277
ozks,0.061801875,99,CVE-2026-41278
ozks,0.060706457,99,CVE-2026-41279
ozks,0.096985417,206,CVE-2026-41274
ozks,0.03683675,33,CVE-2026-29050
ozks,0.026245833,33,CVE-2026-29051
ozks,0.145935751,323,CVE-2026-33318
ozks,0.127267542,273,CVE-2026-41305
ozks,0.139442875,291,CVE-2026-41068
ozks,0.129331459,288,CVE-2026-41323
ozks,0.06974775,116,CVE-2026-41324
ozks,0.038146376,52,CVE-2026-41485
ozks,0.107412083,250,CVE-2026-3565
ozks,0.016244083,27,CVE-2026-40897
ozks,0.484981125,1312,CVE-2026-41067
ozks,0.120980792,249,CVE-2026-41321
ozks,0.091139583,158,CVE-2026-41322
ozks,0.045965292,78,CVE-2026-41676
ozks,0.059949542,103,CVE-2026-41677
ozks,0.037128375,54,CVE-2026-41678
ozks,0.030546251,39,CVE-2026-41681
ozks,0.022585501,19,CVE-2026-33524
ozks,0.099433168,167,CVE-2026-41327
ozks,0.088305875,167,CVE-2026-41328
ozks,0.084915,167,CVE-2026-41492
ozks,0.013647709,6,CVE-2026-2265
ozks,0.795980917,2168,CVE-2026-33949
ozks,0.046482125,56,CVE-2026-33990
ozks,0.796105749,2168,CVE-2026-34603
ozks,0.792899459,2167,CVE-2026-34604
ozks,0.147909459,401,CVE-2026-34076
ozks,1.062962874,2925,CVE-2026-34751
ozks,0.193296125,438,CVE-2026-5199
ozks,0.625445708,1716,CVE-2026-34746
ozks,0.626023209,1716,CVE-2026-34747
ozks,0.444012084,1197,CVE-2026-34748
ozks,0.628184125,1716,CVE-2026-34749
ozks,1.353427125,3710,CVE-2026-34750
ozks,0.089497084,140,CVE-2026-34528
ozks,0.0767745,140,CVE-2026-34529
ozks,0.073905625,140,CVE-2026-34530
ozks,0.010398291,4,CVE-2026-5323
ozks,0.044901042,47,CVE-2026-5327
ozks,0.088343791,139,CVE-2026-3872
ozks,0.079052417,139,CVE-2026-4282
ozks,0.076387042,139,CVE-2026-4325
ozks,0.077062666,139,CVE-2026-4634
ozks,0.078257833,139,CVE-2026-4636
ozks,0.018576957,13,CVE-2026-33544
ozks,0.091173167,189,CVE-2026-33950
ozks,0.090655999,188,CVE-2026-33951
ozks,0.015324541,15,CVE-2026-34083
ozks,0.093183125,190,CVE-2026-35038
ozks,0.060568333,83,CVE-2026-34522
ozks,0.053694458,83,CVE-2026-34523
ozks,0.054185708,83,CVE-2026-34524
ozks,0.05043925,83,CVE-2026-34526
ozks,0.052851792,71,CVE-2026-34601
ozks,0.01671775,16,CVE-2026-34725
ozks,0.038730125,69,CVE-2026-34425
ozks,0.032309499,55,CVE-2026-34426
ozks,0.010268166,4,CVE-2026-34581
ozks,0.021188333,19,CVE-2026-34742
ozks,0.069462666,110,CVE-2026-34752
ozks,0.038269542,37,CVE-2026-34761
ozks,0.0277905,37,CVE-2026-34762
ozks,0.307230541,778,CVE-2026-34825
ozks,0.516255292,1335,CVE-2026-5467
ozks,0.069474917,112,CVE-2026-25773
ozks,0.06460725,112,CVE-2026-28736
ozks,0.512662333,1335,CVE-2026-5468
ozks,0.515775959,1335,CVE-2026-5469
ozks,1.134640333,3110,CVE-2026-25044
ozks,0.910460625,2505,CVE-2026-31818
ozks,1.124923541,3110,CVE-2026-35214
ozks,1.122926376,3110,CVE-2026-35216
ozks,0.038176708,69,CVE-2026-34511
ozks,0.616460749,1637,CVE-2026-34766
ozks,0.625996125,1648,CVE-2026-34767
ozks,0.611451,1639,CVE-2026-34768
ozks,0.615188167,1637,CVE-2026-34769
ozks,0.611247292,1639,CVE-2026-34770
ozks,0.608952792,1637,CVE-2026-34771
ozks,0.610148792,1636,CVE-2026-34772
ozks,0.609171875,1641,CVE-2026-34773
ozks,0.611560667,1640,CVE-2026-34774
ozks,0.614005875,1647,CVE-2026-34775
ozks,0.613048709,1641,CVE-2026-34776
ozks,0.609016834,1641,CVE-2026-34777
ozks,0.605893001,1641,CVE-2026-34778
ozks,0.610767126,1639,CVE-2026-34779
ozks,0.039198458,71,CVE-2026-34780
ozks,0.041838916,31,CVE-2026-2826
ozks,0.009841458,4,CVE-2026-5602
ozks,0.008062166,3,CVE-2026-5603
ozks,0.076717791,140,CVE-2026-37977
ozks,0.050015125,59,CVE-2026-33540
ozks,0.416017792,1109,CVE-2026-34148
ozks,0.059645791,72,CVE-2026-34208
ozks,0.057852624,72,CVE-2026-34211
ozks,0.052629583,72,CVE-2026-34217
ozks,0.137851084,336,CVE-2026-34764
ozks,0.049190749,45,CVE-2026-34940
ozks,0.047976916,61,CVE-2026-34950
ozks,0.068367542,110,CVE-2026-34841
ozks,0.086419459,145,CVE-2026-34976
ozks,0.044619918,50,CVE-2026-34986
ozks,0.068916042,96,CVE-2026-34992
ozks,0.04200525,33,CVE-2026-35036
ozks,0.027129291,33,CVE-2026-35037
ozks,0.04390225,61,CVE-2026-35039
ozks,0.042170875,61,CVE-2026-35042
ozks,0.127200417,268,CVE-2026-35166
ozks,0.027037125,28,CVE-2026-35209
ozks,0.036551375,31,CVE-2026-33817
ozks,0.046097499,59,CVE-2026-35172
ozks,0.279045834,732,CVE-2026-35200
ozks,0.037817042,39,CVE-2026-34972
ozks,0.013498,6,CVE-2026-35213
ozks,0.0511805,47,CVE-2026-35392
ozks,0.035903791,47,CVE-2026-35393
ozks,0.035933166,46,CVE-2026-35394
ozks,0.13955025,326,CVE-2026-35408
ozks,0.139436917,324,CVE-2026-35409
ozks,0.138854167,325,CVE-2026-35410
ozks,0.139035374,325,CVE-2026-35411
ozks,0.141931417,325,CVE-2026-35412
ozks,0.139247875,325,CVE-2026-35413
ozks,0.138833625,326,CVE-2026-35441
ozks,0.143370832,326,CVE-2026-35442
ozks,0.013838125,5,CVE-2026-35454
ozks,0.035105417,47,CVE-2026-35471
ozks,0.176778959,371,CVE-2026-33227
ozks,0.108859542,191,CVE-2026-34197
ozks,0.039370875,35,CVE-2026-35554
ozks,0.017673958,21,CVE-2026-35405
ozks,0.019940834,21,CVE-2026-35457
ozks,0.050380333,54,CVE-2026-35458
ozks,0.035307083,26,CVE-2026-35480
ozks,0.027747999,19,CVE-2026-4740
ozks,0.038658167,39,CVE-2026-33816
ozks,0.18709725,434,CVE-2026-35515
ozks,0.044108251,42,CVE-2026-35571
ozks,0.014858958,12,CVE-2026-27314
ozks,0.021614584,20,CVE-2026-27315
ozks,0.040568542,38,CVE-2026-32588
ozks,0.035892042,42,CVE-2026-35580
ozks,0.030212292,42,CVE-2026-35581
ozks,0.035937833,42,CVE-2026-35583
ozks,0.094625251,143,CVE-2026-35585
ozks,0.078915875,142,CVE-2026-35604
ozks,0.077215999,142,CVE-2026-35605
ozks,0.076831042,142,CVE-2026-35606
ozks,0.075747708,142,CVE-2026-35607
ozks,0.006139625,1,CVE-2026-35613
ozks,0.283375916,739,CVE-2026-39321
ozks,0.007319666,2,CVE-2026-39360
ozks,0.008369917,2,CVE-2026-5736
ozks,0.004944,1,CVE-2025-56015
ozks,0.394318251,1085,CVE-2026-39356
ozks,0.038284583,89,CVE-2026-39363
ozks,0.015362208,29,CVE-2026-39364
ozks,0.260102709,698,CVE-2026-39365
ozks,0.025611583,33,CVE-2026-39371
ozks,0.144894333,360,CVE-2026-39381
ozks,0.037041957,39,CVE-2026-39395
ozks,0.124047208,298,CVE-2026-3566
ozks,0.003950833,2,CVE-2026-5739
ozks,0.007330125,5,CVE-2026-29181
ozks,0.042177792,38,CVE-2026-33439
ozks,0.016678749,32,CVE-2026-35533
ozks,0.032220041,29,CVE-2026-39397
ozks,0.618008834,1658,CVE-2026-34765
ozks,0.619995083,1658,CVE-2026-34781
ozks,0.00830425,3,CVE-2026-35406
ozks,0.020928791,12,CVE-2026-35568
ozks,0.11281225,261,CVE-2026-3357
ozks,0.069946333,96,CVE-2026-3499
ozks,2.980434625,8209,CVE-2026-3477
ozks,0.041085876,36,CVE-2026-2481
ozks,0.09748975,186,CVE-2026-5795
ozks,0.054457875,81,CVE-2026-39406
ozks,0.165295375,418,CVE-2026-39407
ozks,0.070535458,163,CVE-2026-39408
ozks,0.164594625,418,CVE-2026-39409
ozks,0.164682625,418,CVE-2026-39410
ozks,0.003874042,2,CVE-2026-39865
ozks,0.0338695,28,CVE-2026-27806
ozks,0.10847375,222,CVE-2026-34166
ozks,0.030573542,43,CVE-2026-23869
ozks,0.105532501,222,CVE-2026-35525
ozks,0.16607775,429,CVE-2026-39411
ozks,0.106617041,223,CVE-2026-39412
ozks,0.106599749,224,CVE-2026-39859
ozks,0.044103417,60,CVE-2026-39429
ozks,0.080913125,133,CVE-2026-39882
ozks,0.028312042,33,CVE-2026-39883
ozks,0.071460584,106,CVE-2026-39885
ozks,0.148877417,300,CVE-2026-39901
ozks,0.040339708,73,CVE-2026-40037
ozks,0.055204792,107,CVE-2026-3199
ozks,0.013947167,8,CVE-2026-5831
ozks,0.007291709,2,CVE-2026-5832
ozks,0.008458916,2,CVE-2026-5833
ozks,0.08000975,139,CVE-2026-5842
ozks,0.015510917,10,CVE-2025-62188
ozks,0.040079833,42,CVE-2026-4660
ozks,0.075189917,129,CVE-2025-62718
ozks,0.029012375,22,CVE-2026-33005
ozks,0.0108485,6,CVE-2026-33266
ozks,0.026884167,30,CVE-2026-34020
ozks,0.049323666,62,CVE-2026-35040
ozks,0.013290459,10,CVE-2026-35041
ozks,0.018585251,11,CVE-2026-35204
ozks,0.010953499,11,CVE-2026-35205
ozks,0.016116499,8,CVE-2026-39398
ozks,0.143469417,326,CVE-2026-39942
ozks,0.158194083,326,CVE-2026-39943
ozks,0.06804275,99,CVE-2026-39972
ozks,0.100325542,187,CVE-2026-39974
ozks,0.044321584,45,CVE-2026-40046
ozks,0.131624667,291,CVE-2026-39315
ozks,0.018753207,8,CVE-2026-39961
ozks,0.003634458,1,CVE-2026-39983
ozks,0.088341625,178,CVE-2026-34941
ozks,0.08746525,178,CVE-2026-34942
ozks,0.088754709,178,CVE-2026-34943
ozks,0.085719208,178,CVE-2026-34944
ozks,0.036045458,56,CVE-2026-34945
ozks,0.036998708,56,CVE-2026-34946
ozks,0.029526,41,CVE-2026-34971
ozks,0.002463042,1,CVE-2026-34983
ozks,0.038320541,56,CVE-2026-34987
ozks,0.033501166,49,CVE-2026-34988
ozks,0.036658083,56,CVE-2026-35186
ozks,0.088866667,178,CVE-2026-35195
ozks,0.320442084,774,CVE-2026-24880
ozks,0.308714875,771,CVE-2026-25854
ozks,0.019305292,9,CVE-2026-29129
ozks,0.163433209,348,CVE-2026-29145
ozks,0.174131958,382,CVE-2026-29146
ozks,0.0242275,18,CVE-2026-32990
ozks,0.222841541,495,CVE-2026-34483
ozks,0.007977333,6,CVE-2026-34486
ozks,0.234368958,561,CVE-2026-34487
ozks,0.112044793,249,CVE-2026-34500
ozks,0.064227709,72,CVE-2026-40077
ozks,0.090657917,149,CVE-2026-35206
ozks,0.009295416,3,CVE-2026-40093
ozks,0.075591626,97,CVE-2026-40109
ozks,0.036114417,63,CVE-2026-35617
ozks,0.034447208,59,CVE-2026-35618
ozks,0.032075834,55,CVE-2026-35622
ozks,0.035377208,63,CVE-2026-35623
ozks,0.031654417,55,CVE-2026-35624
ozks,0.033047584,55,CVE-2026-35626
ozks,0.031673834,55,CVE-2026-35627
ozks,0.034716542,63,CVE-2026-35628
ozks,0.03601175,64,CVE-2026-35629
ozks,0.023404957,35,CVE-2026-35632
ozks,0.031452084,55,CVE-2026-35633
ozks,0.049113084,59,CVE-2026-35634
ozks,0.032159125,55,CVE-2026-35635
ozks,0.032148874,55,CVE-2026-35637
ozks,0.031948542,55,CVE-2026-35639
ozks,0.036603458,64,CVE-2026-35640
ozks,0.036178458,63,CVE-2026-35645
ozks,0.036885083,64,CVE-2026-35646
ozks,0.028636208,22,CVE-2026-5986
ozks,0.006733084,7,CVE-2026-6011
ozks,0.005136418,1,CVE-2026-22750
ozks,0.171360375,383,CVE-2026-39304
ozks,0.247709459,591,CVE-2025-5804
ozks,0.033358041,37,CVE-2026-34477
ozks,0.021243166,17,CVE-2026-34478
ozks,0.052156459,74,CVE-2026-34480
ozks,0.028692459,28,CVE-2026-34481
ozks,0.032465249,31,CVE-2026-34727
ozks,0.026816042,31,CVE-2026-35594
ozks,0.025082209,31,CVE-2026-35595
ozks,0.025694625,31,CVE-2026-35596
ozks,0.026621834,31,CVE-2026-35597
ozks,0.024878292,31,CVE-2026-35598
ozks,0.027080207,31,CVE-2026-35599
ozks,0.026411875,31,CVE-2026-35600
ozks,0.025807584,31,CVE-2026-35601
ozks,0.026053332,31,CVE-2026-35602
ozks,0.034481333,60,CVE-2026-35619
ozks,0.035231541,62,CVE-2026-35620
ozks,0.034562334,60,CVE-2026-35621
ozks,0.0020125,1,CVE-2026-35641
ozks,0.032166209,55,CVE-2026-35643
ozks,0.03549425,63,CVE-2026-35647
ozks,0.032280167,55,CVE-2026-35648
ozks,0.031643542,55,CVE-2026-35649
ozks,0.032128583,55,CVE-2026-35650
ozks,0.024669125,41,CVE-2026-35651
ozks,0.032100583,55,CVE-2026-35652
ozks,0.0352295,62,CVE-2026-35653
ozks,0.034811043,63,CVE-2026-35654
ozks,0.031934416,55,CVE-2026-35655
ozks,0.03121875,55,CVE-2026-35656
ozks,0.035417916,63,CVE-2026-35657
ozks,0.027056292,44,CVE-2026-35658
ozks,0.032185916,55,CVE-2026-35659
ozks,0.032882083,59,CVE-2026-35660
ozks,0.035425167,63,CVE-2026-35661
ozks,0.031642125,55,CVE-2026-35662
ozks,0.035622541,63,CVE-2026-35663
ozks,0.035632,63,CVE-2026-35664
ozks,0.035512958,62,CVE-2026-35665
ozks,0.031103376,55,CVE-2026-35666
ozks,0.035402709,62,CVE-2026-35667
ozks,0.035142208,62,CVE-2026-35668
ozks,0.035460583,63,CVE-2026-35669
ozks,0.031394833,55,CVE-2026-35670
ozks,0.355294792,939,CVE-2026-40073
ozks,0.358137334,939,CVE-2026-40074
ozks,0.045011542,51,CVE-2026-40097
ozks,0.040999292,31,CVE-2026-40103
ozks,0.238732792,601,CVE-2026-40163
ozks,0.072543625,129,CVE-2026-40175
ozks,0.069092709,92,CVE-2026-40180
ozks,0.016465084,7,CVE-2026-40188
ozks,0.033133041,47,CVE-2026-40189
ozks,0.162207208,404,CVE-2026-40190
ozks,0.010809,9,CVE-2026-40242
ozks,0.19647275,439,CVE-2026-5724
ozks,0.13164275,293,CVE-2026-4150
ozks,0.196756501,444,CVE-2026-4152
ozks,0.062371334,125,CVE-2026-3358
ozks,0.057276708,66,CVE-2026-6125
ozks,0.027766583,21,CVE-2026-35337
ozks,0.029474792,21,CVE-2026-35565
ozks,0.008999416,2,CVE-2026-34476
ozks,0.12428525,264,CVE-2026-28291
ozks,0.112340084,228,CVE-2026-6216
ozks,0.009527375,3,CVE-2026-34069
ozks,0.079915959,132,CVE-2026-34984
ozks,0.025564041,21,CVE-2026-33929
ozks,0.053855333,70,CVE-2025-13822
ozks,0.063836958,94,CVE-2026-2332
ozks,0.024864,50,CVE-2025-61260
ozks,0.086563876,138,CVE-2026-37980
ozks,0.021338583,15,CVE-2026-2401
ozks,0.655570583,1708,CVE-2026-2405
ozks,0.057868917,64,CVE-2026-33414
ozks,0.016110375,9,CVE-2026-34454
ozks,0.032123416,33,CVE-2026-34457
ozks,0.015058875,17,CVE-2026-33806
ozks,0.041372584,47,CVE-2026-39842
ozks,0.056241958,69,CVE-2026-39884
ozks,0.017387624,6,CVE-2026-39984
ozks,0.082616709,134,CVE-2026-40090
ozks,0.011373208,5,CVE-2026-40091
ozks,0.0324805,33,CVE-2026-0636
ozks,0.025026959,16,CVE-2026-33807
ozks,0.019849834,16,CVE-2026-33808
ozks,0.081928375,119,CVE-2026-5588
ozks,0.044780834,43,CVE-2026-5598
ozks,0.01206875,3,CVE-2026-30778
ozks,0.055088791,76,CVE-2026-33805
ozks,0.025618668,21,CVE-2026-5758
ozks,0.056637417,78,CVE-2026-6290
ozks,0.159006208,330,CVE-2026-6383
ozks,0.083359208,145,CVE-2025-41118
ozks,0.041226792,37,CVE-2026-21726
ozks,0.422549875,1123,CVE-2026-33877
ozks,0.420894417,1123,CVE-2026-33888
ozks,0.427092875,1123,CVE-2026-33889
ozks,0.421599916,1122,CVE-2026-35569
ozks,0.420511626,1122,CVE-2026-39857
ozks,0.10533975,165,CVE-2026-40173
ozks,0.003789541,1,CVE-2026-40186
ozks,0.076143833,134,CVE-2026-40179
ozks,0.041789042,31,CVE-2026-40193
ozks,0.02122325,16,CVE-2026-40245
ozks,0.025141126,18,CVE-2026-3299
ozks,0.187007541,434,CVE-2026-3551
ozks,0.015443333,11,CVE-2026-6414
ozks,0.025723292,17,CVE-2026-6270
ozks,0.013439791,11,CVE-2026-6410
ozks,0.180401666,396,CVE-2026-2840
ozks,0.021751708,17,CVE-2026-33804
ozks,0.424988042,1099,CVE-2026-3324
ozks,0.011806626,3,CVE-2026-34164
ozks,0.009854708,5,CVE-2026-35469
ozks,0.077194042,146,CVE-2026-39313
ozks,0.021024042,16,CVE-2026-40246
ozks,0.016965875,16,CVE-2026-40247
ozks,0.016614541,16,CVE-2026-40248
ozks,0.016816042,16,CVE-2026-40249
ozks,0.193142958,436,CVE-2026-40255
ozks,0.125646292,238,CVE-2026-3605
ozks,0.109527042,230,CVE-2026-4525
ozks,0.040964166,61,CVE-2026-5052
ozks,0.132016208,289,CVE-2026-5807
ozks,0.085514084,143,CVE-2026-40458
ozks,0.042283333,50,CVE-2026-6437
ozks,0.15495475,350,CVE-2026-35603
ozks,0.014594875,13,CVE-2026-40155
ozks,0.071659499,100,CVE-2026-40293
ozks,0.191243333,459,CVE-2026-40299
ozks,0.08257125,134,CVE-2026-40302
ozks,0.076799084,134,CVE-2026-40303
ozks,0.07584925,134,CVE-2026-40304
ozks,0.045308375,42,CVE-2026-40477
ozks,0.039620667,42,CVE-2026-40478
ozks,0.153025292,301,CVE-2026-40481
ozks,0.336332708,786,CVE-2026-40346
ozks,0.039596625,46,CVE-2026-35582
ozks,0.127858166,264,CVE-2026-40490
ozks,1.49855275,4098,CVE-2026-2505
ozks,0.096196792,176,CVE-2026-41242
ozks,0.02177025,13,CVE-2026-6594
ozks,0.004899,2,CVE-2026-33557
ozks,0.045104542,57,CVE-2026-33558
ozks,0.09166775,178,CVE-2026-3519
ozks,0.025922458,26,CVE-2026-41245
ozks,0.018146125,14,CVE-2026-32604
ozks,0.106319626,185,CVE-2026-32613
ozks,0.016107917,14,CVE-2026-35570
ozks,0.038387167,69,CVE-2026-40045
ozks,0.035086209,63,CVE-2026-41294
ozks,0.038295626,69,CVE-2026-41295
ozks,0.036528043,65,CVE-2026-41296
ozks,0.035997917,65,CVE-2026-41297
ozks,0.038686542,69,CVE-2026-41298
ozks,0.035948251,63,CVE-2026-41299
ozks,0.036772708,65,CVE-2026-41300
ozks,0.009190959,11,CVE-2026-41301
ozks,0.036932542,65,CVE-2026-41302
ozks,0.036004374,63,CVE-2026-41303
ozks,0.036545,65,CVE-2026-41329
ozks,0.036398583,65,CVE-2026-41330
ozks,0.036804875,65,CVE-2026-41331
ozks,0.097106458,191,CVE-2026-39320
ozks,0.152604334,340,CVE-2026-39861
ozks,0.004713042,2,CVE-2026-39973
ozks,0.045155292,50,CVE-2025-1241
ozks,0.030854166,52,CVE-2026-3298
ozks,0.079486751,119,CVE-2026-25542
ozks,0.020563125,21,CVE-2026-40161
ozks,0.037043167,29,CVE-2026-40574
ozks,0.070967167,107,CVE-2026-40611
ozks,0.031328291,26,CVE-2026-22751
ozks,0.139842375,288,CVE-2026-40868
ozks,0.046278375,53,CVE-2026-40876
ozks,0.175120042,414,CVE-2026-40879
ozks,0.048090959,58,CVE-2026-40880
ozks,0.047439209,57,CVE-2026-40881
ozks,0.005890833,2,CVE-2026-40883
ozks,0.042011875,53,CVE-2026-40884
ozks,0.004037375,2,CVE-2026-40885
ozks,0.144269291,341,CVE-2026-40887
ozks,0.041167208,40,CVE-2026-40910
ozks,0.12419175,236,CVE-2026-40923
ozks,0.109660208,236,CVE-2026-40924
ozks,0.019313417,24,CVE-2026-40938
ozks,0.030976708,29,CVE-2026-40931
ozks,0.107780375,206,CVE-2026-40933
ozks,0.044900333,51,CVE-2026-40939
ozks,0.032281959,25,CVE-2026-40942
ozks,0.045117168,53,CVE-2026-40943
ozks,0.037828584,53,CVE-2026-40944
ozks,0.039374292,53,CVE-2026-40945
ozks,0.037381875,53,CVE-2026-40946
ozks,0.0253925,16,CVE-2026-40343
ozks,0.028584624,19,CVE-2026-40575
ozks,0.01922425,19,CVE-2026-41059
ozks,0.077306041,107,CVE-2026-41131
ozks,0.027285125,19,CVE-2026-41135
ozks,0.022624875,20,CVE-2026-41136
ozks,0.132024041,355,CVE-2026-2714
ozks,0.215082916,492,CVE-2026-4088
ozks,0.036492459,38,CVE-2026-4119
ozks,0.068716708,120,CVE-2026-4121
ozks,0.29357,709,CVE-2026-4126
ozks,0.063125959,130,CVE-2026-4133
ozks,0.042637,50,CVE-2026-4142
ozks,0.119903499,224,CVE-2026-32885
ozks,0.013808376,3,CVE-2026-33471
ozks,0.009008625,3,CVE-2026-34064
ozks,0.00921725,3,CVE-2026-34065
ozks,0.01008575,3,CVE-2026-34066
ozks,0.00858175,3,CVE-2026-34067
ozks,0.004493917,3,CVE-2026-34068
ozks,0.037600333,47,CVE-2026-40882
ozks,0.008074417,2,CVE-2026-40937
ozks,0.037008792,48,CVE-2026-41166
ozks,0.056031458,74,CVE-2026-41176
ozks,0.049076958,72,CVE-2026-41179
ozks,0.021569125,13,CVE-2026-41180
ozks,0.0296815,38,CVE-2026-41197
ozks,0.093808,183,CVE-2026-41208
ozks,0.061330458,101,CVE-2026-41211
ozks,0.02651475,22,CVE-2026-3361
ozks,0.030059667,31,CVE-2026-41238
ozks,0.063811083,97,CVE-2026-41239
ozks,0.077101,136,CVE-2026-41240
ozks,0.039391917,34,CVE-2026-40886
ozks,0.025389209,19,CVE-2026-41213
ozks,0.067765708,90,CVE-2026-41246
ozks,0.101738751,206,CVE-2026-41137
ozks,0.103337292,206,CVE-2026-41138
ozks,0.105247958,206,CVE-2026-41264
ozks,0.106055792,206,CVE-2026-41265
ozks,0.060488167,99,CVE-2026-41266
ozks,0.060300999,99,CVE-2026-41267
ozks,0.104168083,206,CVE-2026-41268
ozks,0.062017666,99,CVE-2026-41269
ozks,0.106545833,206,CVE-2026-41271
ozks,0.104949292,206,CVE-2026-41272
ozks,0.061076834,99,CVE-2026-41273
ozks,0.061240083,99,CVE-2026-41275
ozks,0.061207666,99,CVE-2026-41276
ozks,0.062693917,99,CVE-2026-41277
ozks,0.063089917,99,CVE-2026-41278
ozks,0.060763333,99,CVE-2026-41279
ozks,0.107250999,206,CVE-2026-41274
ozks,0.041373958,33,CVE-2026-29050
ozks,0.027557458,33,CVE-2026-29051
ozks,0.147578167,323,CVE-2026-33318
ozks,0.126013041,273,CVE-2026-41305
ozks,0.144792542,291,CVE-2026-41068
ozks,0.130933792,288,CVE-2026-41323
ozks,0.069426959,116,CVE-2026-41324
ozks,0.039520959,52,CVE-2026-41485
ozks,0.10501475,250,CVE-2026-3565
ozks,0.01845825,27,CVE-2026-40897
ozks,0.484562792,1312,CVE-2026-41067
ozks,0.118059208,249,CVE-2026-41321
ozks,0.083031584,158,CVE-2026-41322
ozks,0.050273084,78,CVE-2026-41676
ozks,0.069749292,103,CVE-2026-41677
ozks,0.0393155,54,CVE-2026-41678
ozks,0.031307834,39,CVE-2026-41681
ozks,0.024258334,19,CVE-2026-33524
ozks,0.094669334,167,CVE-2026-41327
ozks,0.0902445,167,CVE-2026-41328
ozks,0.094049458,167,CVE-2026-41492
ozks,0.011299334,6,CVE-2026-2265
ozks,0.793391457,2168,CVE-2026-33949
ozks,0.056100333,56,CVE-2026-33990
ozks,0.797339792,2168,CVE-2026-34603
ozks,0.797180458,2167,CVE-2026-34604
ozks,0.166487208,401,CVE-2026-34076
ozks,1.072171001,2925,CVE-2026-34751
ozks,0.192709875,438,CVE-2026-5199
ozks,0.651344709,1716,CVE-2026-34746
ozks,0.630064417,1716,CVE-2026-34747
ozks,0.445530417,1197,CVE-2026-34748
ozks,0.629283292,1716,CVE-2026-34749
ozks,1.361758375,3710,CVE-2026-34750
ozks,0.084317376,140,CVE-2026-34528
ozks,0.072031291,140,CVE-2026-34529
ozks,0.076215917,140,CVE-2026-34530
ozks,0.014935875,4,CVE-2026-5323
ozks,0.046688167,47,CVE-2026-5327
ozks,0.09093075,139,CVE-2026-3872
ozks,0.081121626,139,CVE-2026-4282
ozks,0.079889501,139,CVE-2026-4325
ozks,0.079111457,139,CVE-2026-4634
ozks,0.081356167,139,CVE-2026-4636
ozks,0.024903375,13,CVE-2026-33544
ozks,0.096289416,189,CVE-2026-33950
ozks,0.089690875,188,CVE-2026-33951
ozks,0.015043791,15,CVE-2026-34083
ozks,0.093057375,190,CVE-2026-35038
ozks,0.066443124,83,CVE-2026-34522
ozks,0.060058126,83,CVE-2026-34523
ozks,0.059228334,83,CVE-2026-34524
ozks,0.053536999,83,CVE-2026-34526
ozks,0.057057458,71,CVE-2026-34601
ozks,0.019548458,16,CVE-2026-34725
ozks,0.042586958,69,CVE-2026-34425
ozks,0.0368315,55,CVE-2026-34426
ozks,0.007987875,4,CVE-2026-34581
ozks,0.030343,19,CVE-2026-34742
ozks,0.074662917,110,CVE-2026-34752
ozks,0.0479325,37,CVE-2026-34761
ozks,0.032968292,37,CVE-2026-34762
ozks,0.351566708,778,CVE-2026-34825
ozks,0.509907792,1335,CVE-2026-5467
ozks,0.069673958,112,CVE-2026-25773
ozks,0.064007875,112,CVE-2026-28736
ozks,0.528497667,1335,CVE-2026-5468
ozks,0.526012167,1335,CVE-2026-5469
ozks,1.125669792,3110,CVE-2026-25044
ozks,0.916216542,2505,CVE-2026-31818
ozks,1.126362917,3110,CVE-2026-35214
ozks,1.118378125,3110,CVE-2026-35216
ozks,0.038266167,69,CVE-2026-34511
ozks,0.612179374,1637,CVE-2026-34766
ozks,0.610932333,1648,CVE-2026-34767
ozks,0.607113958,1639,CVE-2026-34768
ozks,0.606333375,1637,CVE-2026-34769
ozks,0.615547083,1639,CVE-2026-34770
ozks,0.612913043,1637,CVE-2026-34771
ozks,0.609365708,1636,CVE-2026-34772
ozks,0.613297167,1641,CVE-2026-34773
ozks,0.613819833,1640,CVE-2026-34774
ozks,0.610238625,1647,CVE-2026-34775
ozks,0.612661126,1641,CVE-2026-34776
ozks,0.612040917,1641,CVE-2026-34777
ozks,0.602668667,1641,CVE-2026-34778
ozks,0.610450875,1639,CVE-2026-34779
ozks,0.041091626,71,CVE-2026-34780
ozks,0.03544475,31,CVE-2026-2826
ozks,0.010313082,4,CVE-2026-5602
ozks,0.008953959,3,CVE-2026-5603
ozks,0.079529417,140,CVE-2026-37977
ozks,0.049181167,59,CVE-2026-33540
ozks,0.413765792,1109,CVE-2026-34148
ozks,0.047856875,72,CVE-2026-34208
ozks,0.061753208,72,CVE-2026-34211
ozks,0.038271333,72,CVE-2026-34217
ozks,0.138321791,336,CVE-2026-34764
ozks,0.041324375,45,CVE-2026-34940
ozks,0.045734958,61,CVE-2026-34950
ozks,0.071055834,110,CVE-2026-34841
ozks,0.086083542,145,CVE-2026-34976
ozks,0.043099375,50,CVE-2026-34986
ozks,0.061706583,96,CVE-2026-34992
ozks,0.036986417,33,CVE-2026-35036
ozks,0.026782917,33,CVE-2026-35037
ozks,0.0443005,61,CVE-2026-35039
ozks,0.044491375,61,CVE-2026-35042
ozks,0.120147166,268,CVE-2026-35166
ozks,0.032050833,28,CVE-2026-35209
ozks,0.032534541,31,CVE-2026-33817
ozks,0.050947166,59,CVE-2026-35172
ozks,0.278147292,732,CVE-2026-35200
ozks,0.036821917,39,CVE-2026-34972
ozks,0.014395167,6,CVE-2026-35213
ozks,0.042726333,47,CVE-2026-35392
ozks,0.036214458,47,CVE-2026-35393
ozks,0.049420334,46,CVE-2026-35394
ozks,0.142069834,326,CVE-2026-35408
ozks,0.137832667,324,CVE-2026-35409
ozks,0.139670999,325,CVE-2026-35410
ozks,0.138630625,325,CVE-2026-35411
ozks,0.139708332,325,CVE-2026-35412
ozks,0.139746542,325,CVE-2026-35413
ozks,0.139970625,326,CVE-2026-35441
ozks,0.139744667,326,CVE-2026-35442
ozks,0.011330958,5,CVE-2026-35454
ozks,0.033946333,47,CVE-2026-35471
ozks,0.175689374,371,CVE-2026-33227
ozks,0.109103125,191,CVE-2026-34197
ozks,0.033077792,35,CVE-2026-35554
ozks,0.030046333,21,CVE-2026-35405
ozks,0.019755875,21,CVE-2026-35457
ozks,0.051381457,54,CVE-2026-35458
ozks,0.025595917,26,CVE-2026-35480
ozks,0.022341667,19,CVE-2026-4740
ozks,0.040738792,39,CVE-2026-33816
ozks,0.186977042,434,CVE-2026-35515
ozks,0.048364334,42,CVE-2026-35571
ozks,0.021363208,12,CVE-2026-27314
ozks,0.022466708,20,CVE-2026-27315
ozks,0.033807625,38,CVE-2026-32588
ozks,0.034087083,42,CVE-2026-35580
ozks,0.034638583,42,CVE-2026-35581
ozks,0.034466125,42,CVE-2026-35583
ozks,0.091058125,143,CVE-2026-35585
ozks,0.076915792,142,CVE-2026-35604
ozks,0.075586666,142,CVE-2026-35605
ozks,0.076718166,142,CVE-2026-35606
ozks,0.077807292,142,CVE-2026-35607
ozks,0.006172708,1,CVE-2026-35613
ozks,0.281500459,739,CVE-2026-39321
ozks,0.008034584,2,CVE-2026-39360
ozks,0.003994708,2,CVE-2026-5736
ozks,0.005803875,1,CVE-2025-56015
ozks,0.392898458,1085,CVE-2026-39356
ozks,0.039638916,89,CVE-2026-39363
ozks,0.01522375,29,CVE-2026-39364
ozks,0.262202667,698,CVE-2026-39365
ozks,0.025817208,33,CVE-2026-39371
ozks,0.148221167,360,CVE-2026-39381
ozks,0.034647667,39,CVE-2026-39395
ozks,0.127509083,298,CVE-2026-3566
ozks,0.003866625,2,CVE-2026-5739
ozks,0.013137959,5,CVE-2026-29181
ozks,0.036391084,38,CVE-2026-33439
ozks,0.016553583,32,CVE-2026-35533
ozks,0.03209825,29,CVE-2026-39397
ozks,0.61565825,1658,CVE-2026-34765
ozks,0.621007125,1658,CVE-2026-34781
ozks,0.006215459,3,CVE-2026-35406
ozks,0.018351167,12,CVE-2026-35568
ozks,0.110842542,261,CVE-2026-3357
ozks,0.066077167,96,CVE-2026-3499
ozks,2.943804958,8209,CVE-2026-3477
ozks,0.035297292,36,CVE-2026-2481
ozks,0.096631791,186,CVE-2026-5795
ozks,0.057833125,81,CVE-2026-39406
ozks,0.164815292,418,CVE-2026-39407
ozks,0.070119875,163,CVE-2026-39408
ozks,0.164156374,418,CVE-2026-39409
ozks,0.163460084,418,CVE-2026-39410
ozks,0.003974292,2,CVE-2026-39865
ozks,0.030873918,28,CVE-2026-27806
ozks,0.106506125,222,CVE-2026-34166
ozks,0.026774875,43,CVE-2026-23869
ozks,0.105248875,222,CVE-2026-35525
ozks,0.164770209,429,CVE-2026-39411
ozks,0.100869667,223,CVE-2026-39412
ozks,0.107262792,224,CVE-2026-39859
ozks,0.048925166,60,CVE-2026-39429
ozks,0.085668167,133,CVE-2026-39882
ozks,0.027962084,33,CVE-2026-39883
ozks,0.070880042,106,CVE-2026-39885
ozks,0.147425626,300,CVE-2026-39901
ozks,0.04047525,73,CVE-2026-40037
ozks,0.055187709,107,CVE-2026-3199
ozks,0.018221042,8,CVE-2026-5831
ozks,0.007348667,2,CVE-2026-5832
ozks,0.008040626,2,CVE-2026-5833
ozks,0.086792667,139,CVE-2026-5842
ozks,0.017171501,10,CVE-2025-62188
ozks,0.037588291,42,CVE-2026-4660
ozks,0.075743458,129,CVE-2025-62718
ozks,0.030219125,22,CVE-2026-33005
ozks,0.008065334,6,CVE-2026-33266
ozks,0.026859959,30,CVE-2026-34020
ozks,0.049749583,62,CVE-2026-35040
ozks,0.013043917,10,CVE-2026-35041
ozks,0.015709416,11,CVE-2026-35204
ozks,0.012576583,11,CVE-2026-35205
ozks,0.018537375,8,CVE-2026-39398
ozks,0.143114625,326,CVE-2026-39942
ozks,0.140776667,326,CVE-2026-39943
ozks,0.076868042,99,CVE-2026-39972
ozks,0.10277425,187,CVE-2026-39974
ozks,0.047417126,45,CVE-2026-40046
ozks,0.134960084,291,CVE-2026-39315
ozks,0.016468459,8,CVE-2026-39961
ozks,0.003675709,1,CVE-2026-39983
ozks,0.08742125,178,CVE-2026-34941
ozks,0.08747425,178,CVE-2026-34942
ozks,0.085858916,178,CVE-2026-34943
ozks,0.086935,178,CVE-2026-34944
ozks,0.035594916,56,CVE-2026-34945
ozks,0.036787542,56,CVE-2026-34946
ozks,0.028998875,41,CVE-2026-34971
ozks,0.002268083,1,CVE-2026-34983
ozks,0.036052833,56,CVE-2026-34987
ozks,0.032712083,49,CVE-2026-34988
ozks,0.036731125,56,CVE-2026-35186
ozks,0.087231042,178,CVE-2026-35195
ozks,0.319731376,774,CVE-2026-24880
ozks,0.311234875,771,CVE-2026-25854
ozks,0.009707541,9,CVE-2026-29129
ozks,0.164528374,348,CVE-2026-29145
ozks,0.174308374,382,CVE-2026-29146
ozks,0.022094584,18,CVE-2026-32990
ozks,0.210944208,495,CVE-2026-34483
ozks,0.010690666,6,CVE-2026-34486
ozks,0.240408917,561,CVE-2026-34487
ozks,0.11958125,249,CVE-2026-34500
ozks,0.053219625,72,CVE-2026-40077
ozks,0.086647125,149,CVE-2026-35206
ozks,0.008720125,3,CVE-2026-40093
ozks,0.066561458,97,CVE-2026-40109
ozks,0.035574042,63,CVE-2026-35617
ozks,0.034030041,59,CVE-2026-35618
ozks,0.031796875,55,CVE-2026-35622
ozks,0.035475833,63,CVE-2026-35623
ozks,0.031509958,55,CVE-2026-35624
ozks,0.032110083,55,CVE-2026-35626
ozks,0.031735708,55,CVE-2026-35627
ozks,0.03527025,63,CVE-2026-35628
ozks,0.035045584,64,CVE-2026-35629
ozks,0.02249325,35,CVE-2026-35632
ozks,0.031500042,55,CVE-2026-35633
ozks,0.035179042,59,CVE-2026-35634
ozks,0.032205918,55,CVE-2026-35635
ozks,0.031186084,55,CVE-2026-35637
ozks,0.0321985,55,CVE-2026-35639
ozks,0.035893458,64,CVE-2026-35640
ozks,0.035901792,63,CVE-2026-35645
ozks,0.036031667,64,CVE-2026-35646
ozks,0.030504124,22,CVE-2026-5986
ozks,0.00803975,7,CVE-2026-6011
ozks,0.006802834,1,CVE-2026-22750
ozks,0.181049416,383,CVE-2026-39304
ozks,0.252517042,591,CVE-2025-5804
ozks,0.039093,37,CVE-2026-34477
ozks,0.018096583,17,CVE-2026-34478
ozks,0.053169499,74,CVE-2026-34480
ozks,0.02822375,28,CVE-2026-34481
ozks,0.036896208,31,CVE-2026-34727
ozks,0.024745875,31,CVE-2026-35594
ozks,0.025240708,31,CVE-2026-35595
ozks,0.025429791,31,CVE-2026-35596
ozks,0.024340167,31,CVE-2026-35597
ozks,0.026367291,31,CVE-2026-35598
ozks,0.025674334,31,CVE-2026-35599
ozks,0.026039,31,CVE-2026-35600
ozks,0.028573667,31,CVE-2026-35601
ozks,0.026127583,31,CVE-2026-35602
ozks,0.034213416,60,CVE-2026-35619
ozks,0.034731208,62,CVE-2026-35620
ozks,0.03421275,60,CVE-2026-35621
ozks,0.002107458,1,CVE-2026-35641
ozks,0.033112541,55,CVE-2026-35643
ozks,0.035721624,63,CVE-2026-35647
ozks,0.032289917,55,CVE-2026-35648
ozks,0.031802666,55,CVE-2026-35649
ozks,0.031949,55,CVE-2026-35650
ozks,0.025227,41,CVE-2026-35651
ozks,0.032053751,55,CVE-2026-35652
ozks,0.034834208,62,CVE-2026-35653
ozks,0.035428292,63,CVE-2026-35654
ozks,0.031987125,55,CVE-2026-35655
ozks,0.031000583,55,CVE-2026-35656
ozks,0.035536416,63,CVE-2026-35657
ozks,0.027196375,44,CVE-2026-35658
ozks,0.031379375,55,CVE-2026-35659
ozks,0.034019583,59,CVE-2026-35660
ozks,0.035500667,63,CVE-2026-35661
ozks,0.031573709,55,CVE-2026-35662
ozks,0.034421875,63,CVE-2026-35663
ozks,0.035123167,63,CVE-2026-35664
ozks,0.038423208,62,CVE-2026-35665
ozks,0.031821,55,CVE-2026-35666
ozks,0.035573792,62,CVE-2026-35667
ozks,0.035005542,62,CVE-2026-35668
ozks,0.036058417,63,CVE-2026-35669
ozks,0.031398208,55,CVE-2026-35670
ozks,0.359510125,939,CVE-2026-40073
ozks,0.355411709,939,CVE-2026-40074
ozks,0.044740917,51,CVE-2026-40097
ozks,0.03182675,31,CVE-2026-40103
ozks,0.235763416,601,CVE-2026-40163
ozks,0.069513708,129,CVE-2026-40175
ozks,0.060893,92,CVE-2026-40180
ozks,0.014052709,7,CVE-2026-40188
ozks,0.035216833,47,CVE-2026-40189
ozks,0.16026575,404,CVE-2026-40190
ozks,0.018264083,9,CVE-2026-40242
ozks,0.188797958,439,CVE-2026-5724
ozks,0.132878125,293,CVE-2026-4150
ozks,0.196560667,444,CVE-2026-4152
ozks,0.061397292,125,CVE-2026-3358
ozks,0.051468833,66,CVE-2026-6125
ozks,0.028569459,21,CVE-2026-35337
ozks,0.029840125,21,CVE-2026-35565
ozks,0.009197958,2,CVE-2026-34476
ozks,0.128460417,264,CVE-2026-28291
ozks,0.110246708,228,CVE-2026-6216
ozks,0.009036666,3,CVE-2026-34069
ozks,0.079772166,132,CVE-2026-34984
ozks,0.021848958,21,CVE-2026-33929
ozks,0.053267417,70,CVE-2025-13822
ozks,0.049298792,94,CVE-2026-2332
ozks,0.025700542,50,CVE-2025-61260
ozks,0.087460124,138,CVE-2026-37980
ozks,0.026524292,15,CVE-2026-2401
ozks,0.644235541,1708,CVE-2026-2405
ozks,0.046214125,64,CVE-2026-33414
ozks,0.015701292,9,CVE-2026-34454
ozks,0.033452375,33,CVE-2026-34457
ozks,0.014122582,17,CVE-2026-33806
ozks,0.047952001,47,CVE-2026-39842
ozks,0.050197291,69,CVE-2026-39884
ozks,0.013273375,6,CVE-2026-39984
ozks,0.077675042,134,CVE-2026-40090
ozks,0.015223374,5,CVE-2026-40091
ozks,0.0399225,33,CVE-2026-0636
ozks,0.023868958,16,CVE-2026-33807
ozks,0.019732293,16,CVE-2026-33808
ozks,0.072509667,119,CVE-2026-5588
ozks,0.045045375,43,CVE-2026-5598
ozks,0.008280208,3,CVE-2026-30778
ozks,0.05398325,76,CVE-2026-33805
ozks,0.026994332,21,CVE-2026-5758
ozks,0.0615555,78,CVE-2026-6290
ozks,0.149221833,330,CVE-2026-6383
ozks,0.078891916,145,CVE-2025-41118
ozks,0.0449515,37,CVE-2026-21726
ozks,0.420635209,1123,CVE-2026-33877
ozks,0.421644458,1123,CVE-2026-33888
ozks,0.423115083,1123,CVE-2026-33889
ozks,0.418677375,1122,CVE-2026-35569
ozks,0.420004874,1122,CVE-2026-39857
ozks,0.094007626,165,CVE-2026-40173
ozks,0.003268416,1,CVE-2026-40186
ozks,0.0860115,134,CVE-2026-40179
ozks,0.032296291,31,CVE-2026-40193
ozks,0.020493083,16,CVE-2026-40245
ozks,0.024747542,18,CVE-2026-3299
ozks,0.187683167,434,CVE-2026-3551
ozks,0.015739292,11,CVE-2026-6414
ozks,0.024236874,17,CVE-2026-6270
ozks,0.015027875,11,CVE-2026-6410
ozks,0.176466166,396,CVE-2026-2840
ozks,0.015237041,17,CVE-2026-33804
ozks,0.427426875,1099,CVE-2026-3324
ozks,0.009531458,3,CVE-2026-34164
ozks,0.010366167,5,CVE-2026-35469
ozks,0.086196082,146,CVE-2026-39313
ozks,0.022326667,16,CVE-2026-40246
ozks,0.015317625,16,CVE-2026-40247
ozks,0.01649475,16,CVE-2026-40248
ozks,0.016566167,16,CVE-2026-40249
ozks,0.189057209,436,CVE-2026-40255
ozks,0.129377458,237,CVE-2026-3605
ozks,0.105913958,229,CVE-2026-4525
ozks,0.043038125,61,CVE-2026-5052
ozks,0.1308345,288,CVE-2026-5807
ozks,0.088364167,143,CVE-2026-40458
ozks,0.04391575,50,CVE-2026-6437
ozks,0.155543626,350,CVE-2026-35603
ozks,0.013795626,13,CVE-2026-40155
ozks,0.06786875,100,CVE-2026-40293
ozks,0.187144791,459,CVE-2026-40299
ozks,0.086557959,134,CVE-2026-40302
ozks,0.077546333,134,CVE-2026-40303
ozks,0.075730167,134,CVE-2026-40304
ozks,0.045884124,42,CVE-2026-40477
ozks,0.043123,42,CVE-2026-40478
ozks,0.144099583,301,CVE-2026-40481
ozks,0.3197655,786,CVE-2026-40346
ozks,0.035500625,46,CVE-2026-35582
ozks,0.135028375,264,CVE-2026-40490
ozks,1.474919875,4098,CVE-2026-2505
ozks,0.09052525,176,CVE-2026-41242
ozks,0.021663458,13,CVE-2026-6594
ozks,0.00559225,2,CVE-2026-33557
ozks,0.046448209,57,CVE-2026-33558
ozks,0.087793917,178,CVE-2026-3519
ozks,0.023893874,26,CVE-2026-41245
ozks,0.023598916,14,CVE-2026-32604
ozks,0.106203667,185,CVE-2026-32613
ozks,0.018631708,14,CVE-2026-35570
ozks,0.038645666,69,CVE-2026-40045
ozks,0.035734541,63,CVE-2026-41294
ozks,0.037853583,69,CVE-2026-41295
ozks,0.036220959,65,CVE-2026-41296
ozks,0.03635175,65,CVE-2026-41297
ozks,0.036770167,69,CVE-2026-41298
ozks,0.036072001,63,CVE-2026-41299
ozks,0.036374375,65,CVE-2026-41300
ozks,0.008653167,11,CVE-2026-41301
ozks,0.035162708,65,CVE-2026-41302
ozks,0.035453541,63,CVE-2026-41303
ozks,0.036241167,65,CVE-2026-41329
ozks,0.036599958,65,CVE-2026-41330
ozks,0.035359,65,CVE-2026-41331
ozks,0.095355667,191,CVE-2026-39320
ozks,0.147257708,340,CVE-2026-39861
ozks,0.009839042,2,CVE-2026-39973
ozks,0.044493875,50,CVE-2025-1241
ozks,0.030705708,52,CVE-2026-3298
ozks,0.084107292,119,CVE-2026-25542
ozks,0.018187251,21,CVE-2026-40161
ozks,0.031046125,29,CVE-2026-40574
ozks,0.071259084,107,CVE-2026-40611
ozks,0.031332333,26,CVE-2026-22751
ozks,0.143468083,288,CVE-2026-40868
ozks,0.04632875,53,CVE-2026-40876
ozks,0.169503084,414,CVE-2026-40879
ozks,0.049205457,58,CVE-2026-40880
ozks,0.047393625,57,CVE-2026-40881
ozks,0.003911417,2,CVE-2026-40883
ozks,0.041321417,53,CVE-2026-40884
ozks,0.003761875,2,CVE-2026-40885
ozks,0.144789249,341,CVE-2026-40887
ozks,0.036983375,40,CVE-2026-40910
ozks,0.119066334,236,CVE-2026-40923
ozks,0.110436041,236,CVE-2026-40924
ozks,0.022400875,24,CVE-2026-40938
ozks,0.035233208,29,CVE-2026-40931
ozks,0.104181666,206,CVE-2026-40933
ozks,0.044224208,51,CVE-2026-40939
ozks,0.030570291,25,CVE-2026-40942
ozks,0.045751999,53,CVE-2026-40943
ozks,0.038914708,53,CVE-2026-40944
ozks,0.038942751,53,CVE-2026-40945
ozks,0.037841791,53,CVE-2026-40946
ozks,0.020740875,16,CVE-2026-40343
ozks,0.0243625,19,CVE-2026-40575
ozks,0.017958625,19,CVE-2026-41059
ozks,0.068680209,107,CVE-2026-41131
ozks,0.027400251,19,CVE-2026-41135
ozks,0.023025542,20,CVE-2026-41136
ozks,0.131560125,355,CVE-2026-2714
ozks,0.215896208,492,CVE-2026-4088
ozks,0.036595833,38,CVE-2026-4119
ozks,0.067975625,120,CVE-2026-4121
ozks,0.293546458,709,CVE-2026-4126
ozks,0.063615542,130,CVE-2026-4133
ozks,0.042707458,50,CVE-2026-4142
ozks,0.112294168,224,CVE-2026-32885
ozks,0.008699209,3,CVE-2026-33471
ozks,0.008743625,3,CVE-2026-34064
ozks,0.009349666,3,CVE-2026-34065
ozks,0.009107542,3,CVE-2026-34066
ozks,0.009840125,3,CVE-2026-34067
ozks,0.005191292,3,CVE-2026-34068
ozks,0.035777292,47,CVE-2026-40882
ozks,0.007106833,2,CVE-2026-40937
ozks,0.036856541,48,CVE-2026-41166
ozks,0.05582075,74,CVE-2026-41176
ozks,0.046602334,72,CVE-2026-41179
ozks,0.021983542,13,CVE-2026-41180
ozks,0.029429667,38,CVE-2026-41197
ozks,0.096866167,183,CVE-2026-41208
ozks,0.05455625,101,CVE-2026-41211
ozks,0.026293583,22,CVE-2026-3361
ozks,0.02817225,31,CVE-2026-41238
ozks,0.061625459,97,CVE-2026-41239
ozks,0.076892958,136,CVE-2026-41240
ozks,0.034641042,34,CVE-2026-40886
ozks,0.027465083,19,CVE-2026-41213
ozks,0.061636458,90,CVE-2026-41246
ozks,0.107682416,206,CVE-2026-41137
ozks,0.107071542,206,CVE-2026-41138
ozks,0.107797125,206,CVE-2026-41264
ozks,0.109473375,206,CVE-2026-41265
ozks,0.061682833,99,CVE-2026-41266
ozks,0.05980975,99,CVE-2026-41267
ozks,0.106432916,206,CVE-2026-41268
ozks,0.062167916,99,CVE-2026-41269
ozks,0.106299166,206,CVE-2026-41271
ozks,0.099098459,206,CVE-2026-41272
ozks,0.061943542,99,CVE-2026-41273
ozks,0.058953167,99,CVE-2026-41275
ozks,0.061330458,99,CVE-2026-41276
ozks,0.060284833,99,CVE-2026-41277
ozks,0.063093542,99,CVE-2026-41278
ozks,0.061601542,99,CVE-2026-41279
ozks,0.108187041,206,CVE-2026-41274
ozks,0.032863207,33,CVE-2026-29050
ozks,0.022374833,33,CVE-2026-29051
ozks,0.138340457,323,CVE-2026-33318
ozks,0.127056208,273,CVE-2026-41305
ozks,0.138710292,291,CVE-2026-41068
ozks,0.131111667,288,CVE-2026-41323
ozks,0.068014042,116,CVE-2026-41324
ozks,0.041717667,52,CVE-2026-41485
ozks,0.108281209,250,CVE-2026-3565
ozks,0.018115874,27,CVE-2026-40897
ozks,0.485316582,1312,CVE-2026-41067
ozks,0.113699458,249,CVE-2026-41321
ozks,0.090664208,158,CVE-2026-41322
ozks,0.055589833,78,CVE-2026-41676
ozks,0.061435792,103,CVE-2026-41677
ozks,0.037377499,54,CVE-2026-41678
ozks,0.030467624,39,CVE-2026-41681
ozks,0.02702175,19,CVE-2026-33524
ozks,0.098900249,167,CVE-2026-41327
ozks,0.092528333,167,CVE-2026-41328
ozks,0.089965208,167,CVE-2026-41492
ozks,0.012684916,6,CVE-2026-2265
ozks,0.792943833,2168,CVE-2026-33949
ozks,0.047063042,56,CVE-2026-33990
ozks,0.792108875,2168,CVE-2026-34603
ozks,0.793006334,2167,CVE-2026-34604
ozks,0.14727025,401,CVE-2026-34076
ozks,1.063713208,2925,CVE-2026-34751
ozks,0.195093249,438,CVE-2026-5199
ozks,0.62339575,1716,CVE-2026-34746
ozks,0.631215833,1716,CVE-2026-34747
ozks,0.441888374,1197,CVE-2026-34748
ozks,0.631381667,1716,CVE-2026-34749
ozks,1.349235166,3710,CVE-2026-34750
ozks,0.08256075,140,CVE-2026-34528
ozks,0.076511583,140,CVE-2026-34529
ozks,0.077059375,140,CVE-2026-34530
ozks,0.011319834,4,CVE-2026-5323
ozks,0.039209208,47,CVE-2026-5327
ozks,0.07881225,139,CVE-2026-3872
ozks,0.07763675,139,CVE-2026-4282
ozks,0.080575584,139,CVE-2026-4325
ozks,0.078405625,139,CVE-2026-4634
ozks,0.07750675,139,CVE-2026-4636
ozks,0.022578958,13,CVE-2026-33544
ozks,0.092334417,189,CVE-2026-33950
ozks,0.109119125,188,CVE-2026-33951
ozks,0.015044583,15,CVE-2026-34083
ozks,0.094386334,190,CVE-2026-35038
ozks,0.058324916,83,CVE-2026-34522
ozks,0.056042792,83,CVE-2026-34523
ozks,0.05121,83,CVE-2026-34524
ozks,0.054157625,83,CVE-2026-34526
ozks,0.059088041,71,CVE-2026-34601
ozks,0.019860376,16,CVE-2026-34725
ozks,0.038427791,69,CVE-2026-34425
ozks,0.032080167,55,CVE-2026-34426
ozks,0.010250709,4,CVE-2026-34581
ozks,0.025057792,19,CVE-2026-34742
ozks,0.072044209,110,CVE-2026-34752
ozks,0.037134208,37,CVE-2026-34761
ozks,0.030975917,37,CVE-2026-34762
ozks,0.306261333,778,CVE-2026-34825
ozks,0.51410425,1335,CVE-2026-5467
ozks,0.077391625,112,CVE-2026-25773
ozks,0.065577041,112,CVE-2026-28736
ozks,0.513321333,1335,CVE-2026-5468
ozks,0.513333709,1335,CVE-2026-5469
ozks,1.12611725,3110,CVE-2026-25044
ozks,0.910756417,2505,CVE-2026-31818
ozks,1.124777751,3110,CVE-2026-35214
ozks,1.127027958,3110,CVE-2026-35216
ozks,0.038287417,69,CVE-2026-34511
ozks,0.617191084,1637,CVE-2026-34766
ozks,0.612360375,1648,CVE-2026-34767
ozks,0.608903958,1639,CVE-2026-34768
ozks,0.610876417,1637,CVE-2026-34769
ozks,0.610112958,1639,CVE-2026-34770
ozks,0.608790292,1637,CVE-2026-34771
ozks,0.610616374,1636,CVE-2026-34772
ozks,0.615128626,1641,CVE-2026-34773
ozks,0.611461041,1640,CVE-2026-34774
ozks,0.610492959,1647,CVE-2026-34775
ozks,0.610310208,1641,CVE-2026-34776
ozks,0.608782208,1641,CVE-2026-34777
ozks,0.614165375,1641,CVE-2026-34778
ozks,0.612169043,1639,CVE-2026-34779
ozks,0.039191792,71,CVE-2026-34780
ozks,0.032786792,31,CVE-2026-2826
ozks,0.010223125,4,CVE-2026-5602
ozks,0.011589042,3,CVE-2026-5603
ozks,0.080733167,140,CVE-2026-37977
ozks,0.048714958,59,CVE-2026-33540
ozks,0.422729459,1109,CVE-2026-34148
ozks,0.056309583,72,CVE-2026-34208
ozks,0.051510001,72,CVE-2026-34211
ozks,0.055487,72,CVE-2026-34217
ozks,0.138900126,336,CVE-2026-34764
ozks,0.040161833,45,CVE-2026-34940
ozks,0.052747791,61,CVE-2026-34950
ozks,0.068461875,110,CVE-2026-34841
ozks,0.095859416,145,CVE-2026-34976
ozks,0.042632667,50,CVE-2026-34986
ozks,0.066896292,96,CVE-2026-34992
ozks,0.041592542,33,CVE-2026-35036
ozks,0.027062624,33,CVE-2026-35037
ozks,0.046627875,61,CVE-2026-35039
ozks,0.044223167,61,CVE-2026-35042
ozks,0.125204,268,CVE-2026-35166
ozks,0.028087375,28,CVE-2026-35209
ozks,0.03720925,31,CVE-2026-33817
ozks,0.048434541,59,CVE-2026-35172
ozks,0.281052292,732,CVE-2026-35200
ozks,0.037640667,39,CVE-2026-34972
ozks,0.007955625,6,CVE-2026-35213
ozks,0.042565625,47,CVE-2026-35392
ozks,0.035018624,47,CVE-2026-35393
ozks,0.034642583,46,CVE-2026-35394
ozks,0.142412,326,CVE-2026-35408
ozks,0.140079292,324,CVE-2026-35409
ozks,0.141965458,325,CVE-2026-35410
ozks,0.140361917,325,CVE-2026-35411
ozks,0.1395055,325,CVE-2026-35412
ozks,0.141226334,325,CVE-2026-35413
ozks,0.169485416,326,CVE-2026-35441
ozks,0.148868625,326,CVE-2026-35442
ozks,0.013399875,5,CVE-2026-35454
ozks,0.035226,47,CVE-2026-35471
ozks,0.167112291,371,CVE-2026-33227
ozks,0.092804334,191,CVE-2026-34197
ozks,0.038202292,35,CVE-2026-35554
ozks,0.027536625,21,CVE-2026-35405
ozks,0.019526542,21,CVE-2026-35457
ozks,0.053412833,54,CVE-2026-35458
ozks,0.0298055,26,CVE-2026-35480
ozks,0.025879416,19,CVE-2026-4740
ozks,0.044017167,39,CVE-2026-33816
ozks,0.182536375,434,CVE-2026-35515
ozks,0.043866042,42,CVE-2026-35571
ozks,0.020668542,12,CVE-2026-27314
ozks,0.020456167,20,CVE-2026-27315
ozks,0.038248792,38,CVE-2026-32588
ozks,0.033648708,42,CVE-2026-35580
ozks,0.034319,42,CVE-2026-35581
ozks,0.031473125,42,CVE-2026-35583
ozks,0.094457584,143,CVE-2026-35585
ozks,0.078720417,142,CVE-2026-35604
ozks,0.078134709,142,CVE-2026-35605
ozks,0.076768042,142,CVE-2026-35606
ozks,0.078345541,142,CVE-2026-35607
ozks,0.005830666,1,CVE-2026-35613
ozks,0.283493084,739,CVE-2026-39321
ozks,0.007527041,2,CVE-2026-39360
ozks,0.00815325,2,CVE-2026-5736
ozks,0.005648208,1,CVE-2025-56015
ozks,0.395209707,1085,CVE-2026-39356
ozks,0.039866542,89,CVE-2026-39363
ozks,0.014948417,29,CVE-2026-39364
ozks,0.260601958,698,CVE-2026-39365
ozks,0.034484625,33,CVE-2026-39371
ozks,0.144061124,360,CVE-2026-39381
ozks,0.022945208,39,CVE-2026-39395
ozks,0.124436917,298,CVE-2026-3566
ozks,0.005117751,2,CVE-2026-5739
ozks,0.011022125,5,CVE-2026-29181
ozks,0.035188333,38,CVE-2026-33439
ozks,0.016228916,32,CVE-2026-35533
ozks,0.028654834,29,CVE-2026-39397
ozks,0.618367417,1658,CVE-2026-34765
ozks,0.616868749,1658,CVE-2026-34781
ozks,0.008684291,3,CVE-2026-35406
ozks,0.016603166,12,CVE-2026-35568
ozks,0.112178125,261,CVE-2026-3357
ozks,0.067844458,96,CVE-2026-3499
ozks,2.953794249,8209,CVE-2026-3477
ozks,0.037199834,36,CVE-2026-2481
ozks,0.107668625,186,CVE-2026-5795
ozks,0.057343084,81,CVE-2026-39406
ozks,0.165213249,418,CVE-2026-39407
ozks,0.070571875,163,CVE-2026-39408
ozks,0.163766457,418,CVE-2026-39409
ozks,0.163346542,418,CVE-2026-39410
ozks,0.0038875,2,CVE-2026-39865
ozks,0.030755416,28,CVE-2026-27806
ozks,0.102087459,222,CVE-2026-34166
ozks,0.029714959,43,CVE-2026-23869
ozks,0.107665208,222,CVE-2026-35525
ozks,0.165512458,429,CVE-2026-39411
ozks,0.106315499,223,CVE-2026-39412
ozks,0.105216042,224,CVE-2026-39859
ozks,0.043058251,60,CVE-2026-39429
ozks,0.078964292,133,CVE-2026-39882
ozks,0.0273725,33,CVE-2026-39883
ozks,0.071601333,106,CVE-2026-39885
ozks,0.135309875,300,CVE-2026-39901
ozks,0.040136125,73,CVE-2026-40037
ozks,0.054340542,107,CVE-2026-3199
ozks,0.010417791,8,CVE-2026-5831
ozks,0.007701375,2,CVE-2026-5832
ozks,0.009279541,2,CVE-2026-5833
ozks,0.080256375,139,CVE-2026-5842
ozks,0.020770333,10,CVE-2025-62188
ozks,0.03940875,42,CVE-2026-4660
ozks,0.073363792,129,CVE-2025-62718
ozks,0.021766917,22,CVE-2026-33005
ozks,0.008541583,6,CVE-2026-33266
ozks,0.028484792,30,CVE-2026-34020
ozks,0.05202325,62,CVE-2026-35040
ozks,0.013509458,10,CVE-2026-35041
ozks,0.018085083,11,CVE-2026-35204
ozks,0.012384375,11,CVE-2026-35205
ozks,0.016664334,8,CVE-2026-39398
ozks,0.139596708,326,CVE-2026-39942
ozks,0.141069958,326,CVE-2026-39943
ozks,0.071345417,99,CVE-2026-39972
ozks,0.096282875,187,CVE-2026-39974
ozks,0.039414251,45,CVE-2026-40046
ozks,0.128646084,291,CVE-2026-39315
ozks,0.017195501,8,CVE-2026-39961
ozks,0.003934834,1,CVE-2026-39983
ozks,0.086556375,178,CVE-2026-34941
ozks,0.088055125,178,CVE-2026-34942
ozks,0.08845325,178,CVE-2026-34943
ozks,0.091925166,178,CVE-2026-34944
ozks,0.036418833,56,CVE-2026-34945
ozks,0.036757583,56,CVE-2026-34946
ozks,0.028703792,41,CVE-2026-34971
ozks,0.002382333,1,CVE-2026-34983
ozks,0.036488167,56,CVE-2026-34987
ozks,0.0332985,49,CVE-2026-34988
ozks,0.038455458,56,CVE-2026-35186
ozks,0.085777292,178,CVE-2026-35195
ozks,0.319387917,774,CVE-2026-24880
ozks,0.310701834,771,CVE-2026-25854
ozks,0.016277209,9,CVE-2026-29129
ozks,0.165132459,348,CVE-2026-29145
ozks,0.1766645,382,CVE-2026-29146
ozks,0.022829958,18,CVE-2026-32990
ozks,0.198788166,495,CVE-2026-34483
ozks,0.01305675,6,CVE-2026-34486
ozks,0.240701625,561,CVE-2026-34487
ozks,0.110409792,249,CVE-2026-34500
ozks,0.058256666,72,CVE-2026-40077
ozks,0.080911334,149,CVE-2026-35206
ozks,0.008430542,3,CVE-2026-40093
ozks,0.072004916,97,CVE-2026-40109
ozks,0.027355709,63,CVE-2026-35617
ozks,0.033935334,59,CVE-2026-35618
ozks,0.032424,55,CVE-2026-35622
ozks,0.035363416,63,CVE-2026-35623
ozks,0.031598124,55,CVE-2026-35624
ozks,0.031576042,55,CVE-2026-35626
ozks,0.032359041,55,CVE-2026-35627
ozks,0.036410208,63,CVE-2026-35628
ozks,0.034245376,64,CVE-2026-35629
ozks,0.021734001,35,CVE-2026-35632
ozks,0.032229542,55,CVE-2026-35633
ozks,0.028041333,59,CVE-2026-35634
ozks,0.032374916,55,CVE-2026-35635
ozks,0.032085624,55,CVE-2026-35637
ozks,0.031960541,55,CVE-2026-35639
ozks,0.035409791,64,CVE-2026-35640
ozks,0.034924125,63,CVE-2026-35645
ozks,0.035771792,64,CVE-2026-35646
ozks,0.030328334,22,CVE-2026-5986
ozks,0.006723126,7,CVE-2026-6011
ozks,0.006124666,1,CVE-2026-22750
ozks,0.171376207,383,CVE-2026-39304
ozks,0.245907792,591,CVE-2025-5804
ozks,0.034537042,37,CVE-2026-34477
ozks,0.020315625,17,CVE-2026-34478
ozks,0.05449225,74,CVE-2026-34480
ozks,0.030008541,28,CVE-2026-34481
ozks,0.035001375,31,CVE-2026-34727
ozks,0.027153751,31,CVE-2026-35594
ozks,0.026517792,31,CVE-2026-35595
ozks,0.026997791,31,CVE-2026-35596
ozks,0.027090209,31,CVE-2026-35597
ozks,0.022901333,31,CVE-2026-35598
ozks,0.0254325,31,CVE-2026-35599
ozks,0.025719334,31,CVE-2026-35600
ozks,0.026107749,31,CVE-2026-35601
ozks,0.023895166,31,CVE-2026-35602
ozks,0.033583791,60,CVE-2026-35619
ozks,0.035128084,62,CVE-2026-35620
ozks,0.03305125,60,CVE-2026-35621
ozks,0.001956416,1,CVE-2026-35641
ozks,0.03169625,55,CVE-2026-35643
ozks,0.035453167,63,CVE-2026-35647
ozks,0.031594167,55,CVE-2026-35648
ozks,0.031759291,55,CVE-2026-35649
ozks,0.031693,55,CVE-2026-35650
ozks,0.025505709,41,CVE-2026-35651
ozks,0.031474791,55,CVE-2026-35652
ozks,0.0344155,62,CVE-2026-35653
ozks,0.034337167,63,CVE-2026-35654
ozks,0.031233042,55,CVE-2026-35655
ozks,0.031908291,55,CVE-2026-35656
ozks,0.035568583,63,CVE-2026-35657
ozks,0.026414168,44,CVE-2026-35658
ozks,0.032017291,55,CVE-2026-35659
ozks,0.033566042,59,CVE-2026-35660
ozks,0.035491042,63,CVE-2026-35661
ozks,0.031274,55,CVE-2026-35662
ozks,0.035953292,63,CVE-2026-35663
ozks,0.03592825,63,CVE-2026-35664
ozks,0.034550875,62,CVE-2026-35665
ozks,0.031652376,55,CVE-2026-35666
ozks,0.035057083,62,CVE-2026-35667
ozks,0.035125041,62,CVE-2026-35668
ozks,0.035219041,63,CVE-2026-35669
ozks,0.032008959,55,CVE-2026-35670
ozks,0.357495625,939,CVE-2026-40073
ozks,0.356021125,939,CVE-2026-40074
ozks,0.053064707,51,CVE-2026-40097
ozks,0.026654999,31,CVE-2026-40103
ozks,0.240408917,601,CVE-2026-40163
ozks,0.071220416,129,CVE-2026-40175
ozks,0.06923225,92,CVE-2026-40180
ozks,0.019363875,7,CVE-2026-40188
ozks,0.035709749,47,CVE-2026-40189
ozks,0.160742833,404,CVE-2026-40190
ozks,0.018076749,9,CVE-2026-40242
ozks,0.189549541,439,CVE-2026-5724
ozks,0.125313625,293,CVE-2026-4150
ozks,0.196074333,444,CVE-2026-4152
ozks,0.062370708,125,CVE-2026-3358
ozks,0.052468625,66,CVE-2026-6125
ozks,0.032325208,21,CVE-2026-35337
ozks,0.024476249,21,CVE-2026-35565
ozks,0.007995708,2,CVE-2026-34476
ozks,0.124736083,264,CVE-2026-28291
ozks,0.114529375,228,CVE-2026-6216
ozks,0.009434874,3,CVE-2026-34069
ozks,0.084246708,132,CVE-2026-34984
ozks,0.025363375,21,CVE-2026-33929
ozks,0.053326917,70,CVE-2025-13822
ozks,0.059164251,94,CVE-2026-2332
ozks,0.024939583,50,CVE-2025-61260
ozks,0.082877042,138,CVE-2026-37980
ozks,0.018807083,15,CVE-2026-2401
ozks,0.654231208,1708,CVE-2026-2405
ozks,0.057724625,64,CVE-2026-33414
ozks,0.01938975,9,CVE-2026-34454
ozks,0.03374825,33,CVE-2026-34457
ozks,0.015796958,17,CVE-2026-33806
ozks,0.039819291,47,CVE-2026-39842
ozks,0.055544292,69,CVE-2026-39884
ozks,0.011940292,6,CVE-2026-39984
ozks,0.079366501,134,CVE-2026-40090
ozks,0.012627083,5,CVE-2026-40091
ozks,0.035502833,33,CVE-2026-0636
ozks,0.022919542,16,CVE-2026-33807
ozks,0.019837166,16,CVE-2026-33808
ozks,0.070239499,119,CVE-2026-5588
ozks,0.042228084,43,CVE-2026-5598
ozks,0.008865125,3,CVE-2026-30778
ozks,0.057022042,76,CVE-2026-33805
ozks,0.021843041,21,CVE-2026-5758
ozks,0.063485124,78,CVE-2026-6290
ozks,0.156001917,330,CVE-2026-6383
ozks,0.08534825,145,CVE-2025-41118
ozks,0.034941958,37,CVE-2026-21726
ozks,0.418693959,1123,CVE-2026-33877
ozks,0.422810457,1123,CVE-2026-33888
ozks,0.420932917,1123,CVE-2026-33889
ozks,0.419210334,1122,CVE-2026-35569
ozks,0.419788709,1122,CVE-2026-39857
ozks,0.094351874,165,CVE-2026-40173
ozks,0.004134042,1,CVE-2026-40186
ozks,0.086082374,134,CVE-2026-40179
ozks,0.03528675,31,CVE-2026-40193
ozks,0.021954499,16,CVE-2026-40245
ozks,0.025105126,18,CVE-2026-3299
ozks,0.184742333,434,CVE-2026-3551
ozks,0.018723749,11,CVE-2026-6414
ozks,0.025669209,17,CVE-2026-6270
ozks,0.017387583,11,CVE-2026-6410
ozks,0.180416208,396,CVE-2026-2840
ozks,0.021009917,17,CVE-2026-33804
ozks,0.421753917,1099,CVE-2026-3324
ozks,0.007319458,3,CVE-2026-34164
ozks,0.011697541,5,CVE-2026-35469
ozks,0.086082375,146,CVE-2026-39313
ozks,0.022538041,16,CVE-2026-40246
ozks,0.01669,16,CVE-2026-40247
ozks,0.015100917,16,CVE-2026-40248
ozks,0.015872292,16,CVE-2026-40249
ozks,0.188904625,436,CVE-2026-40255
ozks,0.118205084,238,CVE-2026-3605
ozks,0.112240666,230,CVE-2026-4525
ozks,0.042427667,61,CVE-2026-5052
ozks,0.130488166,289,CVE-2026-5807
ozks,0.091081333,143,CVE-2026-40458
ozks,0.052970667,50,CVE-2026-6437
ozks,0.154235458,350,CVE-2026-35603
ozks,0.015702793,13,CVE-2026-40155
ozks,0.066355999,100,CVE-2026-40293
ozks,0.192549416,459,CVE-2026-40299
ozks,0.080136626,134,CVE-2026-40302
ozks,0.074971125,134,CVE-2026-40303
ozks,0.075134333,134,CVE-2026-40304
ozks,0.027499208,42,CVE-2026-40477
ozks,0.044719751,42,CVE-2026-40478
ozks,0.149287833,301,CVE-2026-40481
ozks,0.309714042,786,CVE-2026-40346
ozks,0.038029209,46,CVE-2026-35582
ozks,0.135079958,264,CVE-2026-40490
ozks,1.489902084,4098,CVE-2026-2505
ozks,0.0963215,176,CVE-2026-41242
ozks,0.020788959,13,CVE-2026-6594
ozks,0.00511675,2,CVE-2026-33557
ozks,0.044723749,57,CVE-2026-33558
ozks,0.086235749,178,CVE-2026-3519
ozks,0.030764083,26,CVE-2026-41245
ozks,0.023624417,14,CVE-2026-32604
ozks,0.105932709,185,CVE-2026-32613
ozks,0.019215083,14,CVE-2026-35570
ozks,0.037596959,69,CVE-2026-40045
ozks,0.035950875,63,CVE-2026-41294
ozks,0.037580209,69,CVE-2026-41295
ozks,0.036610708,65,CVE-2026-41296
ozks,0.036481667,65,CVE-2026-41297
ozks,0.03847025,69,CVE-2026-41298
ozks,0.035438957,63,CVE-2026-41299
ozks,0.036883333,65,CVE-2026-41300
ozks,0.009000625,11,CVE-2026-41301
ozks,0.034287625,65,CVE-2026-41302
ozks,0.035541876,63,CVE-2026-41303
ozks,0.036458625,65,CVE-2026-41329
ozks,0.037356167,65,CVE-2026-41330
ozks,0.0365935,65,CVE-2026-41331
ozks,0.090619876,191,CVE-2026-39320
ozks,0.149525417,340,CVE-2026-39861
ozks,0.007358791,2,CVE-2026-39973
ozks,0.051071625,50,CVE-2025-1241
ozks,0.030681208,52,CVE-2026-3298
ozks,0.081024917,119,CVE-2026-25542
ozks,0.019979042,21,CVE-2026-40161
ozks,0.025992708,29,CVE-2026-40574
ozks,0.068841084,107,CVE-2026-40611
ozks,0.02933175,26,CVE-2026-22751
ozks,0.136230875,288,CVE-2026-40868
ozks,0.049937709,53,CVE-2026-40876
ozks,0.167206374,414,CVE-2026-40879
ozks,0.051324417,58,CVE-2026-40880
ozks,0.043833083,57,CVE-2026-40881
ozks,0.003906749,2,CVE-2026-40883
ozks,0.041640458,53,CVE-2026-40884
ozks,0.003499375,2,CVE-2026-40885
ozks,0.144499083,341,CVE-2026-40887
ozks,0.035530833,40,CVE-2026-40910
ozks,0.118627916,236,CVE-2026-40923
ozks,0.113314917,236,CVE-2026-40924
ozks,0.02167025,24,CVE-2026-40938
ozks,0.026737208,29,CVE-2026-40931
ozks,0.105277209,206,CVE-2026-40933
ozks,0.049806542,51,CVE-2026-40939
ozks,0.031167375,25,CVE-2026-40942
ozks,0.046967833,53,CVE-2026-40943
ozks,0.040066791,53,CVE-2026-40944
ozks,0.037420208,53,CVE-2026-40945
ozks,0.038946167,53,CVE-2026-40946
ozks,0.022452917,16,CVE-2026-40343
ozks,0.018198501,19,CVE-2026-40575
ozks,0.019014,19,CVE-2026-41059
ozks,0.071105958,107,CVE-2026-41131
ozks,0.025098042,19,CVE-2026-41135
ozks,0.023107209,20,CVE-2026-41136
ozks,0.130960749,355,CVE-2026-2714
ozks,0.210763833,492,CVE-2026-4088
ozks,0.041039083,38,CVE-2026-4119
ozks,0.068973334,120,CVE-2026-4121
ozks,0.292845583,709,CVE-2026-4126
ozks,0.063013,130,CVE-2026-4133
ozks,0.043843583,50,CVE-2026-4142
ozks,0.121602042,224,CVE-2026-32885
ozks,0.009361501,3,CVE-2026-33471
ozks,0.008668667,3,CVE-2026-34064
ozks,0.011317625,3,CVE-2026-34065
ozks,0.009422,3,CVE-2026-34066
ozks,0.008477167,3,CVE-2026-34067
ozks,0.0051645,3,CVE-2026-34068
ozks,0.036596501,47,CVE-2026-40882
ozks,0.008135749,2,CVE-2026-40937
ozks,0.036861458,48,CVE-2026-41166
ozks,0.060017375,74,CVE-2026-41176
ozks,0.047751791,72,CVE-2026-41179
ozks,0.023063292,13,CVE-2026-41180
ozks,0.03058625,38,CVE-2026-41197
ozks,0.094843042,183,CVE-2026-41208
ozks,0.061623917,101,CVE-2026-41211
ozks,0.022397709,22,CVE-2026-3361
ozks,0.026766666,31,CVE-2026-41238
ozks,0.060463958,97,CVE-2026-41239
ozks,0.078530459,136,CVE-2026-41240
ozks,0.03893825,34,CVE-2026-40886
ozks,0.027255083,19,CVE-2026-41213
ozks,0.067973,90,CVE-2026-41246
ozks,0.102811084,206,CVE-2026-41137
ozks,0.107169083,206,CVE-2026-41138
ozks,0.106923042,206,CVE-2026-41264
ozks,0.111574833,206,CVE-2026-41265
ozks,0.062156,99,CVE-2026-41266
ozks,0.05927575,99,CVE-2026-41267
ozks,0.105229542,206,CVE-2026-41268
ozks,0.064601249,99,CVE-2026-41269
ozks,0.108720751,206,CVE-2026-41271
ozks,0.108920083,206,CVE-2026-41272
ozks,0.063093459,99,CVE-2026-41273
ozks,0.060647459,99,CVE-2026-41275
ozks,0.061512084,99,CVE-2026-41276
ozks,0.061284917,99,CVE-2026-41277
ozks,0.06122675,99,CVE-2026-41278
ozks,0.058856501,99,CVE-2026-41279
ozks,0.105073708,206,CVE-2026-41274
ozks,0.037526833,33,CVE-2026-29050
ozks,0.027346166,33,CVE-2026-29051
ozks,0.144913624,323,CVE-2026-33318
ozks,0.125608334,273,CVE-2026-41305
ozks,0.140020708,291,CVE-2026-41068
ozks,0.130918,288,CVE-2026-41323
ozks,0.069638876,116,CVE-2026-41324
ozks,0.039129542,52,CVE-2026-41485
ozks,0.107634834,250,CVE-2026-3565
ozks,0.017939875,27,CVE-2026-40897
ozks,0.48312775,1312,CVE-2026-41067
ozks,0.121213792,249,CVE-2026-41321
ozks,0.091407209,158,CVE-2026-41322
ozks,0.049342875,78,CVE-2026-41676
ozks,0.060705334,103,CVE-2026-41677
ozks,0.039133167,54,CVE-2026-41678
ozks,0.031243667,39,CVE-2026-41681
ozks,0.027543458,19,CVE-2026-33524
ozks,0.094376666,167,CVE-2026-41327
ozks,0.089502209,167,CVE-2026-41328
ozks,0.089792333,167,CVE-2026-41492
