ozks,13918,6,CVE-2026-2265
ozks,5204262,2168,CVE-2026-33949
ozks,133052,56,CVE-2026-33990
ozks,5204262,2168,CVE-2026-34603
ozks,5201819,2167,CVE-2026-34604
ozks,959530,401,CVE-2026-34076
ozks,6986563,2925,CVE-2026-34751
ozks,1050097,438,CVE-2026-5199
ozks,4083399,1716,CVE-2026-34746
ozks,4083399,1716,CVE-2026-34747
ozks,2857434,1197,CVE-2026-34748
ozks,4083399,1716,CVE-2026-34749
ozks,8893410,3710,CVE-2026-34750
ozks,336990,140,CVE-2026-34528
ozks,336990,140,CVE-2026-34529
ozks,336990,140,CVE-2026-34530
ozks,9388,4,CVE-2026-5323
ozks,110738,47,CVE-2026-5327
ozks,330753,139,CVE-2026-3872
ozks,330753,139,CVE-2026-4282
ozks,330753,139,CVE-2026-4325
ozks,330753,139,CVE-2026-4634
ozks,330753,139,CVE-2026-4636
ozks,30799,13,CVE-2026-33544
ozks,450388,189,CVE-2026-33950
ozks,447587,188,CVE-2026-33951
ozks,36834,15,CVE-2026-34083
ozks,453013,190,CVE-2026-35038
ozks,197308,83,CVE-2026-34522
ozks,197308,83,CVE-2026-34523
ozks,197308,83,CVE-2026-34524
ozks,197308,83,CVE-2026-34526
ozks,168825,71,CVE-2026-34601
ozks,37096,16,CVE-2026-34725
ozks,162986,69,CVE-2026-34425
ozks,129852,55,CVE-2026-34426
ozks,9472,4,CVE-2026-34581
ozks,44929,19,CVE-2026-34742
ozks,261228,110,CVE-2026-34752
ozks,89262,37,CVE-2026-34761
ozks,89262,37,CVE-2026-34762
ozks,1872890,778,CVE-2026-34825
ozks,3193929,1335,CVE-2026-5467
ozks,270038,112,CVE-2026-25773
ozks,270038,112,CVE-2026-28736
ozks,3193929,1335,CVE-2026-5468
ozks,3193929,1335,CVE-2026-5469
ozks,7423766,3110,CVE-2026-25044
ozks,5996525,2505,CVE-2026-31818
ozks,7423766,3110,CVE-2026-35214
ozks,7423766,3110,CVE-2026-35216
ozks,162986,69,CVE-2026-34511
ozks,3892429,1637,CVE-2026-34766
ozks,3918352,1648,CVE-2026-34767
ozks,3897301,1639,CVE-2026-34768
ozks,3892429,1637,CVE-2026-34769
ozks,3897301,1639,CVE-2026-34770
ozks,3892429,1637,CVE-2026-34771
ozks,3890162,1636,CVE-2026-34772
ozks,3902356,1641,CVE-2026-34773
ozks,3899920,1640,CVE-2026-34774
ozks,3916268,1647,CVE-2026-34775
ozks,3902356,1641,CVE-2026-34776
ozks,3902356,1641,CVE-2026-34777
ozks,3902356,1641,CVE-2026-34778
ozks,3897301,1639,CVE-2026-34779
ozks,167287,71,CVE-2026-34780
ozks,73393,31,CVE-2026-2826
ozks,9236,4,CVE-2026-5602
ozks,7359,3,CVE-2026-5603
ozks,333213,140,CVE-2026-37977
ozks,142175,59,CVE-2026-33540
ozks,2650459,1109,CVE-2026-34148
ozks,171955,72,CVE-2026-34208
ozks,171955,72,CVE-2026-34211
ozks,171955,72,CVE-2026-34217
ozks,797710,336,CVE-2026-34764
ozks,106271,45,CVE-2026-34940
ozks,143431,61,CVE-2026-34950
ozks,261763,110,CVE-2026-34841
ozks,346681,145,CVE-2026-34976
ozks,118967,50,CVE-2026-34986
ozks,227582,96,CVE-2026-34992
ozks,77363,33,CVE-2026-35036
ozks,77363,33,CVE-2026-35037
ozks,143431,61,CVE-2026-35039
ozks,143431,61,CVE-2026-35042
ozks,639710,268,CVE-2026-35166
ozks,66842,28,CVE-2026-35209
ozks,73724,31,CVE-2026-33817
ozks,142175,59,CVE-2026-35172
ozks,1750415,732,CVE-2026-35200
ozks,94283,39,CVE-2026-34972
ozks,14288,6,CVE-2026-35213
ozks,113320,47,CVE-2026-35392
ozks,113320,47,CVE-2026-35393
ozks,108658,46,CVE-2026-35394
ozks,776154,326,CVE-2026-35408
ozks,771632,324,CVE-2026-35409
ozks,773717,325,CVE-2026-35410
ozks,773717,325,CVE-2026-35411
ozks,773717,325,CVE-2026-35412
ozks,773717,325,CVE-2026-35413
ozks,776154,326,CVE-2026-35441
ozks,776154,326,CVE-2026-35442
ozks,12124,5,CVE-2026-35454
ozks,113320,47,CVE-2026-35471
ozks,891845,371,CVE-2026-33227
ozks,459031,191,CVE-2026-34197
ozks,82545,35,CVE-2026-35554
ozks,49777,21,CVE-2026-35405
ozks,49777,21,CVE-2026-35457
ozks,129179,54,CVE-2026-35458
ozks,63002,26,CVE-2026-35480
ozks,45639,19,CVE-2026-4740
ozks,93337,39,CVE-2026-33816
ozks,1028608,434,CVE-2026-35515
ozks,100811,42,CVE-2026-35571
ozks,28342,12,CVE-2026-27314
ozks,48214,20,CVE-2026-27315
ozks,90437,38,CVE-2026-32588
ozks,100811,42,CVE-2026-35580
ozks,100811,42,CVE-2026-35581
ozks,100811,42,CVE-2026-35583
ozks,344209,143,CVE-2026-35585
ozks,341920,142,CVE-2026-35604
ozks,341920,142,CVE-2026-35605
ozks,341920,142,CVE-2026-35606
ozks,341920,142,CVE-2026-35607
ozks,2270,1,CVE-2026-35613
ozks,1767009,739,CVE-2026-39321
ozks,4868,2,CVE-2026-39360
ozks,4756,2,CVE-2026-5736
ozks,2788,1,CVE-2025-56015
ozks,2589205,1085,CVE-2026-39356
ozks,211524,89,CVE-2026-39363
ozks,68756,29,CVE-2026-39364
ozks,1653401,698,CVE-2026-39365
ozks,79241,33,CVE-2026-39371
ozks,856954,360,CVE-2026-39381
ozks,96390,39,CVE-2026-39395
ozks,703144,298,CVE-2026-3566
ozks,4756,2,CVE-2026-5739
ozks,12084,5,CVE-2026-29181
ozks,92200,38,CVE-2026-33439
ozks,75472,32,CVE-2026-35533
ozks,68390,29,CVE-2026-39397
ozks,3943088,1658,CVE-2026-34765
ozks,3943088,1658,CVE-2026-34781
ozks,6959,3,CVE-2026-35406
ozks,29243,12,CVE-2026-35568
ozks,616152,261,CVE-2026-3357
ozks,227582,96,CVE-2026-3499
ozks,19520637,8209,CVE-2026-3477
ozks,85521,36,CVE-2026-2481
ozks,448428,186,CVE-2026-5795
ozks,192561,81,CVE-2026-39406
ozks,987104,418,CVE-2026-39407
ozks,384549,163,CVE-2026-39408
ozks,987104,418,CVE-2026-39409
ozks,987104,418,CVE-2026-39410
ozks,4514,2,CVE-2026-39865
ozks,67690,28,CVE-2026-27806
ozks,525956,222,CVE-2026-34166
ozks,102993,43,CVE-2026-23869
ozks,525956,222,CVE-2026-35525
ozks,1025061,429,CVE-2026-39411
ozks,528041,223,CVE-2026-39412
ozks,530126,224,CVE-2026-39859
ozks,143897,60,CVE-2026-39429
ozks,320817,133,CVE-2026-39882
ozks,79831,33,CVE-2026-39883
ozks,251039,106,CVE-2026-39885
ozks,721137,300,CVE-2026-39901
ozks,172740,73,CVE-2026-40037
ozks,252879,107,CVE-2026-3199
ozks,18800,8,CVE-2026-5831
ozks,4700,2,CVE-2026-5832
ozks,4370,2,CVE-2026-5833
ozks,331067,139,CVE-2026-5842
ozks,24378,10,CVE-2025-62188
ozks,101789,42,CVE-2026-4660
ozks,305200,129,CVE-2025-62718
ozks,52462,22,CVE-2026-33005
ozks,14304,6,CVE-2026-33266
ozks,71534,30,CVE-2026-34020
ozks,146042,62,CVE-2026-35040
ozks,23822,10,CVE-2026-35041
ozks,24579,11,CVE-2026-35204
ozks,24579,11,CVE-2026-35205
ozks,18712,8,CVE-2026-39398
ozks,776154,326,CVE-2026-39942
ozks,776154,326,CVE-2026-39943
ozks,237344,99,CVE-2026-39972
ozks,444441,187,CVE-2026-39974
ozks,109749,45,CVE-2026-40046
ozks,689842,291,CVE-2026-39315
ozks,19672,8,CVE-2026-39961
ozks,2612,1,CVE-2026-39983
ozks,424253,178,CVE-2026-34941
ozks,424253,178,CVE-2026-34942
ozks,424253,178,CVE-2026-34943
ozks,424253,178,CVE-2026-34944
ozks,133128,56,CVE-2026-34945
ozks,133128,56,CVE-2026-34946
ozks,96397,41,CVE-2026-34971
ozks,2437,1,CVE-2026-34983
ozks,133128,56,CVE-2026-34987
ozks,116245,49,CVE-2026-34988
ozks,133128,56,CVE-2026-35186
ozks,424253,178,CVE-2026-35195
ozks,1855925,774,CVE-2026-24880
ozks,1847348,771,CVE-2026-25854
ozks,21997,9,CVE-2026-29129
ozks,837033,348,CVE-2026-29145
ozks,914885,382,CVE-2026-29146
ozks,43982,18,CVE-2026-32990
ozks,1187212,495,CVE-2026-34483
ozks,13871,6,CVE-2026-34486
ozks,1344295,561,CVE-2026-34487
ozks,597706,249,CVE-2026-34500
ozks,173511,72,CVE-2026-40077
ozks,352567,149,CVE-2026-35206
ozks,7156,3,CVE-2026-40093
ozks,233325,97,CVE-2026-40109
ozks,148685,63,CVE-2026-35617
ozks,139267,59,CVE-2026-35618
ozks,129852,55,CVE-2026-35622
ozks,148685,63,CVE-2026-35623
ozks,129852,55,CVE-2026-35624
ozks,129852,55,CVE-2026-35626
ozks,129852,55,CVE-2026-35627
ozks,148685,63,CVE-2026-35628
ozks,151131,64,CVE-2026-35629
ozks,82425,35,CVE-2026-35632
ozks,129852,55,CVE-2026-35633
ozks,139267,59,CVE-2026-35634
ozks,129852,55,CVE-2026-35635
ozks,129852,55,CVE-2026-35637
ozks,129852,55,CVE-2026-35639
ozks,151131,64,CVE-2026-35640
ozks,148685,63,CVE-2026-35645
ozks,151131,64,CVE-2026-35646
ozks,52052,22,CVE-2026-5986
ozks,16583,7,CVE-2026-6011
ozks,2299,1,CVE-2026-22750
ozks,923471,383,CVE-2026-39304
ozks,1403942,591,CVE-2025-5804
ozks,88410,37,CVE-2026-34477
ozks,41920,17,CVE-2026-34478
ozks,177502,74,CVE-2026-34480
ozks,66145,28,CVE-2026-34481
ozks,73393,31,CVE-2026-34727
ozks,73393,31,CVE-2026-35594
ozks,73393,31,CVE-2026-35595
ozks,73393,31,CVE-2026-35596
ozks,73393,31,CVE-2026-35597
ozks,73393,31,CVE-2026-35598
ozks,73393,31,CVE-2026-35599
ozks,73393,31,CVE-2026-35600
ozks,73393,31,CVE-2026-35601
ozks,73393,31,CVE-2026-35602
ozks,141530,60,CVE-2026-35619
ozks,146070,62,CVE-2026-35620
ozks,141530,60,CVE-2026-35621
ozks,2259,1,CVE-2026-35641
ozks,129852,55,CVE-2026-35643
ozks,148685,63,CVE-2026-35647
ozks,129852,55,CVE-2026-35648
ozks,129852,55,CVE-2026-35649
ozks,129852,55,CVE-2026-35650
ozks,96923,41,CVE-2026-35651
ozks,129852,55,CVE-2026-35652
ozks,146070,62,CVE-2026-35653
ozks,148685,63,CVE-2026-35654
ozks,129852,55,CVE-2026-35655
ozks,129852,55,CVE-2026-35656
ozks,148685,63,CVE-2026-35657
ozks,104225,44,CVE-2026-35658
ozks,129852,55,CVE-2026-35659
ozks,139267,59,CVE-2026-35660
ozks,148685,63,CVE-2026-35661
ozks,129852,55,CVE-2026-35662
ozks,148685,63,CVE-2026-35663
ozks,148685,63,CVE-2026-35664
ozks,146070,62,CVE-2026-35665
ozks,129852,55,CVE-2026-35666
ozks,146070,62,CVE-2026-35667
ozks,146070,62,CVE-2026-35668
ozks,148685,63,CVE-2026-35669
ozks,129852,55,CVE-2026-35670
ozks,2241244,939,CVE-2026-40073
ozks,2241244,939,CVE-2026-40074
ozks,122997,51,CVE-2026-40097
ozks,73393,31,CVE-2026-40103
ozks,1439249,601,CVE-2026-40163
ozks,305200,129,CVE-2026-40175
ozks,223087,92,CVE-2026-40180
ozks,16840,7,CVE-2026-40188
ozks,113320,47,CVE-2026-40189
ozks,957747,404,CVE-2026-40190
ozks,22370,9,CVE-2026-40242
ozks,1052194,439,CVE-2026-5724
ozks,695433,293,CVE-2026-4150
ozks,294755,125,CVE-2026-3358
ozks,160219,66,CVE-2026-6125
ozks,50914,21,CVE-2026-35337
ozks,51090,21,CVE-2026-35565
ozks,5098,2,CVE-2026-34476
ozks,628127,264,CVE-2026-28291
ozks,543790,228,CVE-2026-6216
ozks,7153,3,CVE-2026-34069
ozks,318008,132,CVE-2026-34984
ozks,49779,21,CVE-2026-33929
ozks,168013,70,CVE-2025-13822
ozks,226357,94,CVE-2026-2332
ozks,116992,50,CVE-2025-61260
ozks,328293,138,CVE-2026-37980
ozks,36497,15,CVE-2026-2401
ozks,4074586,1708,CVE-2026-2405
ozks,153188,64,CVE-2026-33414
ozks,22027,9,CVE-2026-34454
ozks,78423,33,CVE-2026-34457
ozks,41378,17,CVE-2026-33806
ozks,111468,47,CVE-2026-39842
ozks,163996,69,CVE-2026-39884
ozks,14462,6,CVE-2026-39984
ozks,321271,134,CVE-2026-40090
ozks,11742,5,CVE-2026-40091
ozks,78161,33,CVE-2026-0636
ozks,37876,16,CVE-2026-33807
ozks,37876,16,CVE-2026-33808
ozks,287679,119,CVE-2026-5588
ozks,6860,3,CVE-2026-30778
ozks,181921,76,CVE-2026-33805
ozks,50394,21,CVE-2026-5758
ozks,186490,78,CVE-2026-6290
ozks,783662,330,CVE-2026-6383
ozks,343852,145,CVE-2025-41118
ozks,88828,37,CVE-2026-21726
ozks,2666630,1123,CVE-2026-33877
ozks,2666630,1123,CVE-2026-33888
ozks,2666630,1123,CVE-2026-33889
ozks,2664016,1122,CVE-2026-35569
ozks,2664016,1122,CVE-2026-39857
ozks,394009,165,CVE-2026-40173
ozks,2265,1,CVE-2026-40186
ozks,325520,134,CVE-2026-40179
ozks,73310,31,CVE-2026-40193
ozks,37424,16,CVE-2026-40245
ozks,43982,18,CVE-2026-3299
ozks,1028608,434,CVE-2026-3551
ozks,26862,11,CVE-2026-6414
ozks,40654,17,CVE-2026-6270
ozks,26862,11,CVE-2026-6410
ozks,939104,396,CVE-2026-2840
ozks,40654,17,CVE-2026-33804
ozks,2623882,1099,CVE-2026-3324
ozks,7020,3,CVE-2026-34164
ozks,11385,5,CVE-2026-35469
ozks,350700,146,CVE-2026-39313
ozks,37424,16,CVE-2026-40246
ozks,37424,16,CVE-2026-40247
ozks,37424,16,CVE-2026-40248
ozks,37424,16,CVE-2026-40249
ozks,1038832,436,CVE-2026-40255
ozks,570386,238,CVE-2026-3605
ozks,550748,230,CVE-2026-4525
ozks,145863,61,CVE-2026-5052
ozks,693993,289,CVE-2026-5807
ozks,340969,143,CVE-2026-40458
ozks,120801,50,CVE-2026-6437
ozks,835691,350,CVE-2026-35603
ozks,30755,13,CVE-2026-40155
ozks,240945,100,CVE-2026-40293
ozks,1091162,459,CVE-2026-40299
ozks,321979,134,CVE-2026-40302
ozks,321979,134,CVE-2026-40303
ozks,321979,134,CVE-2026-40304
ozks,102003,42,CVE-2026-40477
ozks,102003,42,CVE-2026-40478
ozks,723589,301,CVE-2026-40481
ozks,1892177,786,CVE-2026-40346
ozks,110983,46,CVE-2026-35582
ozks,633629,264,CVE-2026-40490
ozks,9693492,4098,CVE-2026-2505
ozks,417784,176,CVE-2026-41242
ozks,31733,13,CVE-2026-6594
ozks,4566,2,CVE-2026-33557
ozks,136291,57,CVE-2026-33558
ozks,424253,178,CVE-2026-3519
ozks,61840,26,CVE-2026-41245
ozks,33223,14,CVE-2026-32604
ozks,445808,185,CVE-2026-32613
ozks,33188,14,CVE-2026-35570
ozks,162986,69,CVE-2026-40045
ozks,148685,63,CVE-2026-41294
ozks,162986,69,CVE-2026-41295
ozks,153570,65,CVE-2026-41296
ozks,153570,65,CVE-2026-41297
ozks,162986,69,CVE-2026-41298
ozks,148685,63,CVE-2026-41299
ozks,153570,65,CVE-2026-41300
ozks,26164,11,CVE-2026-41301
ozks,153570,65,CVE-2026-41302
ozks,148685,63,CVE-2026-41303
ozks,153570,65,CVE-2026-41329
ozks,153570,65,CVE-2026-41330
ozks,153570,65,CVE-2026-41331
ozks,455279,191,CVE-2026-39320
ozks,812217,340,CVE-2026-39861
ozks,4728,2,CVE-2026-39973
ozks,121489,50,CVE-2025-1241
ozks,122873,52,CVE-2026-3298
ozks,286084,119,CVE-2026-25542
ozks,51732,21,CVE-2026-40161
ozks,68884,29,CVE-2026-40574
ozks,255370,107,CVE-2026-40611
ozks,692626,288,CVE-2026-40868
ozks,127764,53,CVE-2026-40876
ozks,988495,414,CVE-2026-40879
ozks,138790,58,CVE-2026-40880
ozks,136293,57,CVE-2026-40881
ozks,4756,2,CVE-2026-40883
ozks,127764,53,CVE-2026-40884
ozks,4756,2,CVE-2026-40885
ozks,816580,341,CVE-2026-40887
ozks,93464,40,CVE-2026-40910
ozks,566757,236,CVE-2026-40923
ozks,566757,236,CVE-2026-40924
ozks,58572,24,CVE-2026-40938
ozks,67715,29,CVE-2026-40931
ozks,491218,206,CVE-2026-40933
ozks,125601,51,CVE-2026-40939
ozks,61363,25,CVE-2026-40942
ozks,128018,53,CVE-2026-40943
ozks,128018,53,CVE-2026-40944
ozks,128018,53,CVE-2026-40945
ozks,128018,53,CVE-2026-40946
ozks,37424,16,CVE-2026-40343
ozks,45456,19,CVE-2026-40575
ozks,45456,19,CVE-2026-41059
ozks,257061,107,CVE-2026-41131
ozks,45651,19,CVE-2026-41135
ozks,47572,20,CVE-2026-41136
ozks,844268,355,CVE-2026-2714
ozks,1177041,492,CVE-2026-4088
ozks,90197,38,CVE-2026-4119
ozks,289873,120,CVE-2026-4121
ozks,1695425,709,CVE-2026-4126
ozks,307140,130,CVE-2026-4133
ozks,118513,50,CVE-2026-4142
ozks,535245,224,CVE-2026-32885
ozks,7317,3,CVE-2026-33471
ozks,7675,3,CVE-2026-34064
ozks,6628,3,CVE-2026-34065
ozks,7156,3,CVE-2026-34066
ozks,6983,3,CVE-2026-34067
ozks,6983,3,CVE-2026-34068
ozks,111468,47,CVE-2026-40882
ozks,4868,2,CVE-2026-40937
ozks,113930,48,CVE-2026-41166
ozks,177581,74,CVE-2026-41176
ozks,173029,72,CVE-2026-41179
ozks,31166,13,CVE-2026-41180
ozks,90197,38,CVE-2026-41197
ozks,436466,183,CVE-2026-41208
ozks,244130,101,CVE-2026-41211
ozks,52250,22,CVE-2026-3361
ozks,73582,31,CVE-2026-41238
ozks,229971,97,CVE-2026-41239
ozks,323215,136,CVE-2026-41240
ozks,80622,34,CVE-2026-40886
ozks,45743,19,CVE-2026-41213
ozks,217147,90,CVE-2026-41246
ozks,491218,206,CVE-2026-41137
ozks,491218,206,CVE-2026-41138
ozks,491218,206,CVE-2026-41264
ozks,491218,206,CVE-2026-41265
ozks,237663,99,CVE-2026-41266
ozks,237663,99,CVE-2026-41267
ozks,491218,206,CVE-2026-41268
ozks,237663,99,CVE-2026-41269
ozks,491218,206,CVE-2026-41271
ozks,491218,206,CVE-2026-41272
ozks,237663,99,CVE-2026-41273
ozks,237663,99,CVE-2026-41275
ozks,237663,99,CVE-2026-41276
ozks,237663,99,CVE-2026-41277
ozks,237663,99,CVE-2026-41278
ozks,237663,99,CVE-2026-41279
ozks,491218,206,CVE-2026-41274
ozks,77682,33,CVE-2026-29050
ozks,77682,33,CVE-2026-29051
ozks,781269,323,CVE-2026-33318
ozks,647711,273,CVE-2026-41305
ozks,699817,291,CVE-2026-41068
ozks,692626,288,CVE-2026-41323
ozks,277491,116,CVE-2026-41324
ozks,124587,52,CVE-2026-41485
ozks,590704,250,CVE-2026-3565
ozks,64486,27,CVE-2026-40897
ozks,3127043,1312,CVE-2026-41067
ozks,597283,249,CVE-2026-41321
ozks,377096,158,CVE-2026-41322
ozks,180396,78,CVE-2026-41676
ozks,238470,103,CVE-2026-41677
ozks,125438,54,CVE-2026-41678
ozks,90291,39,CVE-2026-41681
ozks,46380,19,CVE-2026-33524
ozks,399103,167,CVE-2026-41327
ozks,399103,167,CVE-2026-41328
ozks,399103,167,CVE-2026-41492
ozks,13918,6,CVE-2026-2265
ozks,5204262,2168,CVE-2026-33949
ozks,133052,56,CVE-2026-33990
ozks,5204262,2168,CVE-2026-34603
ozks,5201819,2167,CVE-2026-34604
ozks,959530,401,CVE-2026-34076
ozks,6986563,2925,CVE-2026-34751
ozks,1050097,438,CVE-2026-5199
ozks,4083399,1716,CVE-2026-34746
ozks,4083399,1716,CVE-2026-34747
ozks,2857434,1197,CVE-2026-34748
ozks,4083399,1716,CVE-2026-34749
ozks,8893410,3710,CVE-2026-34750
ozks,336990,140,CVE-2026-34528
ozks,336990,140,CVE-2026-34529
ozks,336990,140,CVE-2026-34530
ozks,9388,4,CVE-2026-5323
ozks,110738,47,CVE-2026-5327
ozks,330753,139,CVE-2026-3872
ozks,330753,139,CVE-2026-4282
ozks,330753,139,CVE-2026-4325
ozks,330753,139,CVE-2026-4634
ozks,330753,139,CVE-2026-4636
ozks,30799,13,CVE-2026-33544
ozks,450388,189,CVE-2026-33950
ozks,447587,188,CVE-2026-33951
ozks,36834,15,CVE-2026-34083
ozks,453013,190,CVE-2026-35038
ozks,197308,83,CVE-2026-34522
ozks,197308,83,CVE-2026-34523
ozks,197308,83,CVE-2026-34524
ozks,197308,83,CVE-2026-34526
ozks,168825,71,CVE-2026-34601
ozks,37096,16,CVE-2026-34725
ozks,162986,69,CVE-2026-34425
ozks,129852,55,CVE-2026-34426
ozks,9472,4,CVE-2026-34581
ozks,44929,19,CVE-2026-34742
ozks,261228,110,CVE-2026-34752
ozks,89262,37,CVE-2026-34761
ozks,89262,37,CVE-2026-34762
ozks,1872890,778,CVE-2026-34825
ozks,3193929,1335,CVE-2026-5467
ozks,270038,112,CVE-2026-25773
ozks,270038,112,CVE-2026-28736
ozks,3193929,1335,CVE-2026-5468
ozks,3193929,1335,CVE-2026-5469
ozks,7423766,3110,CVE-2026-25044
ozks,5996525,2505,CVE-2026-31818
ozks,7423766,3110,CVE-2026-35214
ozks,7423766,3110,CVE-2026-35216
ozks,162986,69,CVE-2026-34511
ozks,3892429,1637,CVE-2026-34766
ozks,3918352,1648,CVE-2026-34767
ozks,3897301,1639,CVE-2026-34768
ozks,3892429,1637,CVE-2026-34769
ozks,3897301,1639,CVE-2026-34770
ozks,3892429,1637,CVE-2026-34771
ozks,3890162,1636,CVE-2026-34772
ozks,3902356,1641,CVE-2026-34773
ozks,3899920,1640,CVE-2026-34774
ozks,3916268,1647,CVE-2026-34775
ozks,3902356,1641,CVE-2026-34776
ozks,3902356,1641,CVE-2026-34777
ozks,3902356,1641,CVE-2026-34778
ozks,3897301,1639,CVE-2026-34779
ozks,167287,71,CVE-2026-34780
ozks,73393,31,CVE-2026-2826
ozks,9236,4,CVE-2026-5602
ozks,7359,3,CVE-2026-5603
ozks,333213,140,CVE-2026-37977
ozks,142175,59,CVE-2026-33540
ozks,2650459,1109,CVE-2026-34148
ozks,171955,72,CVE-2026-34208
ozks,171955,72,CVE-2026-34211
ozks,171955,72,CVE-2026-34217
ozks,797710,336,CVE-2026-34764
ozks,106271,45,CVE-2026-34940
ozks,143431,61,CVE-2026-34950
ozks,261763,110,CVE-2026-34841
ozks,346681,145,CVE-2026-34976
ozks,118967,50,CVE-2026-34986
ozks,227582,96,CVE-2026-34992
ozks,77363,33,CVE-2026-35036
ozks,77363,33,CVE-2026-35037
ozks,143431,61,CVE-2026-35039
ozks,143431,61,CVE-2026-35042
ozks,639710,268,CVE-2026-35166
ozks,66842,28,CVE-2026-35209
ozks,73724,31,CVE-2026-33817
ozks,142175,59,CVE-2026-35172
ozks,1750415,732,CVE-2026-35200
ozks,94283,39,CVE-2026-34972
ozks,14288,6,CVE-2026-35213
ozks,113320,47,CVE-2026-35392
ozks,113320,47,CVE-2026-35393
ozks,108658,46,CVE-2026-35394
ozks,776154,326,CVE-2026-35408
ozks,771632,324,CVE-2026-35409
ozks,773717,325,CVE-2026-35410
ozks,773717,325,CVE-2026-35411
ozks,773717,325,CVE-2026-35412
ozks,773717,325,CVE-2026-35413
ozks,776154,326,CVE-2026-35441
ozks,776154,326,CVE-2026-35442
ozks,12124,5,CVE-2026-35454
ozks,113320,47,CVE-2026-35471
ozks,891845,371,CVE-2026-33227
ozks,459031,191,CVE-2026-34197
ozks,82545,35,CVE-2026-35554
ozks,49777,21,CVE-2026-35405
ozks,49777,21,CVE-2026-35457
ozks,129179,54,CVE-2026-35458
ozks,63002,26,CVE-2026-35480
ozks,45639,19,CVE-2026-4740
ozks,93337,39,CVE-2026-33816
ozks,1028608,434,CVE-2026-35515
ozks,100811,42,CVE-2026-35571
ozks,28342,12,CVE-2026-27314
ozks,48214,20,CVE-2026-27315
ozks,90437,38,CVE-2026-32588
ozks,100811,42,CVE-2026-35580
ozks,100811,42,CVE-2026-35581
ozks,100811,42,CVE-2026-35583
ozks,344209,143,CVE-2026-35585
ozks,341920,142,CVE-2026-35604
ozks,341920,142,CVE-2026-35605
ozks,341920,142,CVE-2026-35606
ozks,341920,142,CVE-2026-35607
ozks,2270,1,CVE-2026-35613
ozks,1767009,739,CVE-2026-39321
ozks,4868,2,CVE-2026-39360
ozks,4756,2,CVE-2026-5736
ozks,2788,1,CVE-2025-56015
ozks,2589205,1085,CVE-2026-39356
ozks,211524,89,CVE-2026-39363
ozks,68756,29,CVE-2026-39364
ozks,1653401,698,CVE-2026-39365
ozks,79241,33,CVE-2026-39371
ozks,856954,360,CVE-2026-39381
ozks,96390,39,CVE-2026-39395
ozks,703144,298,CVE-2026-3566
ozks,4756,2,CVE-2026-5739
ozks,12084,5,CVE-2026-29181
ozks,92200,38,CVE-2026-33439
ozks,75472,32,CVE-2026-35533
ozks,68390,29,CVE-2026-39397
ozks,3943088,1658,CVE-2026-34765
ozks,3943088,1658,CVE-2026-34781
ozks,6959,3,CVE-2026-35406
ozks,29243,12,CVE-2026-35568
ozks,616152,261,CVE-2026-3357
ozks,227582,96,CVE-2026-3499
ozks,19520637,8209,CVE-2026-3477
ozks,85521,36,CVE-2026-2481
ozks,448428,186,CVE-2026-5795
ozks,192561,81,CVE-2026-39406
ozks,987104,418,CVE-2026-39407
ozks,384549,163,CVE-2026-39408
ozks,987104,418,CVE-2026-39409
ozks,987104,418,CVE-2026-39410
ozks,4514,2,CVE-2026-39865
ozks,67690,28,CVE-2026-27806
ozks,525956,222,CVE-2026-34166
ozks,102993,43,CVE-2026-23869
ozks,525956,222,CVE-2026-35525
ozks,1025061,429,CVE-2026-39411
ozks,528041,223,CVE-2026-39412
ozks,530126,224,CVE-2026-39859
ozks,143897,60,CVE-2026-39429
ozks,320817,133,CVE-2026-39882
ozks,79831,33,CVE-2026-39883
ozks,251039,106,CVE-2026-39885
ozks,721137,300,CVE-2026-39901
ozks,172740,73,CVE-2026-40037
ozks,252879,107,CVE-2026-3199
ozks,18800,8,CVE-2026-5831
ozks,4700,2,CVE-2026-5832
ozks,4370,2,CVE-2026-5833
ozks,331067,139,CVE-2026-5842
ozks,24378,10,CVE-2025-62188
ozks,101789,42,CVE-2026-4660
ozks,305200,129,CVE-2025-62718
ozks,52462,22,CVE-2026-33005
ozks,14304,6,CVE-2026-33266
ozks,71534,30,CVE-2026-34020
ozks,146042,62,CVE-2026-35040
ozks,23822,10,CVE-2026-35041
ozks,24579,11,CVE-2026-35204
ozks,24579,11,CVE-2026-35205
ozks,18712,8,CVE-2026-39398
ozks,776154,326,CVE-2026-39942
ozks,776154,326,CVE-2026-39943
ozks,237344,99,CVE-2026-39972
ozks,444441,187,CVE-2026-39974
ozks,109749,45,CVE-2026-40046
ozks,689842,291,CVE-2026-39315
ozks,19672,8,CVE-2026-39961
ozks,2612,1,CVE-2026-39983
ozks,424253,178,CVE-2026-34941
ozks,424253,178,CVE-2026-34942
ozks,424253,178,CVE-2026-34943
ozks,424253,178,CVE-2026-34944
ozks,133128,56,CVE-2026-34945
ozks,133128,56,CVE-2026-34946
ozks,96397,41,CVE-2026-34971
ozks,2437,1,CVE-2026-34983
ozks,133128,56,CVE-2026-34987
ozks,116245,49,CVE-2026-34988
ozks,133128,56,CVE-2026-35186
ozks,424253,178,CVE-2026-35195
ozks,1855925,774,CVE-2026-24880
ozks,1847348,771,CVE-2026-25854
ozks,21997,9,CVE-2026-29129
ozks,837033,348,CVE-2026-29145
ozks,914885,382,CVE-2026-29146
ozks,43982,18,CVE-2026-32990
ozks,1187212,495,CVE-2026-34483
ozks,13871,6,CVE-2026-34486
ozks,1344295,561,CVE-2026-34487
ozks,597706,249,CVE-2026-34500
ozks,173511,72,CVE-2026-40077
ozks,352567,149,CVE-2026-35206
ozks,7156,3,CVE-2026-40093
ozks,233325,97,CVE-2026-40109
ozks,148685,63,CVE-2026-35617
ozks,139267,59,CVE-2026-35618
ozks,129852,55,CVE-2026-35622
ozks,148685,63,CVE-2026-35623
ozks,129852,55,CVE-2026-35624
ozks,129852,55,CVE-2026-35626
ozks,129852,55,CVE-2026-35627
ozks,148685,63,CVE-2026-35628
ozks,151131,64,CVE-2026-35629
ozks,82425,35,CVE-2026-35632
ozks,129852,55,CVE-2026-35633
ozks,139267,59,CVE-2026-35634
ozks,129852,55,CVE-2026-35635
ozks,129852,55,CVE-2026-35637
ozks,129852,55,CVE-2026-35639
ozks,151131,64,CVE-2026-35640
ozks,148685,63,CVE-2026-35645
ozks,151131,64,CVE-2026-35646
ozks,52052,22,CVE-2026-5986
ozks,16583,7,CVE-2026-6011
ozks,2299,1,CVE-2026-22750
ozks,923471,383,CVE-2026-39304
ozks,1403942,591,CVE-2025-5804
ozks,88410,37,CVE-2026-34477
ozks,41920,17,CVE-2026-34478
ozks,177502,74,CVE-2026-34480
ozks,66145,28,CVE-2026-34481
ozks,73393,31,CVE-2026-34727
ozks,73393,31,CVE-2026-35594
ozks,73393,31,CVE-2026-35595
ozks,73393,31,CVE-2026-35596
ozks,73393,31,CVE-2026-35597
ozks,73393,31,CVE-2026-35598
ozks,73393,31,CVE-2026-35599
ozks,73393,31,CVE-2026-35600
ozks,73393,31,CVE-2026-35601
ozks,73393,31,CVE-2026-35602
ozks,141530,60,CVE-2026-35619
ozks,146070,62,CVE-2026-35620
ozks,141530,60,CVE-2026-35621
ozks,2259,1,CVE-2026-35641
ozks,129852,55,CVE-2026-35643
ozks,148685,63,CVE-2026-35647
ozks,129852,55,CVE-2026-35648
ozks,129852,55,CVE-2026-35649
ozks,129852,55,CVE-2026-35650
ozks,96923,41,CVE-2026-35651
ozks,129852,55,CVE-2026-35652
ozks,146070,62,CVE-2026-35653
ozks,148685,63,CVE-2026-35654
ozks,129852,55,CVE-2026-35655
ozks,129852,55,CVE-2026-35656
ozks,148685,63,CVE-2026-35657
ozks,104225,44,CVE-2026-35658
ozks,129852,55,CVE-2026-35659
ozks,139267,59,CVE-2026-35660
ozks,148685,63,CVE-2026-35661
ozks,129852,55,CVE-2026-35662
ozks,148685,63,CVE-2026-35663
ozks,148685,63,CVE-2026-35664
ozks,146070,62,CVE-2026-35665
ozks,129852,55,CVE-2026-35666
ozks,146070,62,CVE-2026-35667
ozks,146070,62,CVE-2026-35668
ozks,148685,63,CVE-2026-35669
ozks,129852,55,CVE-2026-35670
ozks,2241244,939,CVE-2026-40073
ozks,2241244,939,CVE-2026-40074
ozks,122997,51,CVE-2026-40097
ozks,73393,31,CVE-2026-40103
ozks,1439249,601,CVE-2026-40163
ozks,305200,129,CVE-2026-40175
ozks,223087,92,CVE-2026-40180
ozks,16840,7,CVE-2026-40188
ozks,113320,47,CVE-2026-40189
ozks,957747,404,CVE-2026-40190
ozks,22370,9,CVE-2026-40242
ozks,1052194,439,CVE-2026-5724
ozks,695433,293,CVE-2026-4150
ozks,1064018,444,CVE-2026-4152
ozks,294755,125,CVE-2026-3358
ozks,160219,66,CVE-2026-6125
ozks,50914,21,CVE-2026-35337
ozks,51090,21,CVE-2026-35565
ozks,5098,2,CVE-2026-34476
ozks,628127,264,CVE-2026-28291
ozks,543790,228,CVE-2026-6216
ozks,7153,3,CVE-2026-34069
ozks,318008,132,CVE-2026-34984
ozks,49779,21,CVE-2026-33929
ozks,168013,70,CVE-2025-13822
ozks,226357,94,CVE-2026-2332
ozks,116992,50,CVE-2025-61260
ozks,328293,138,CVE-2026-37980
ozks,36497,15,CVE-2026-2401
ozks,4074586,1708,CVE-2026-2405
ozks,153188,64,CVE-2026-33414
ozks,22027,9,CVE-2026-34454
ozks,78423,33,CVE-2026-34457
ozks,41378,17,CVE-2026-33806
ozks,111468,47,CVE-2026-39842
ozks,163996,69,CVE-2026-39884
ozks,14462,6,CVE-2026-39984
ozks,321271,134,CVE-2026-40090
ozks,11742,5,CVE-2026-40091
ozks,78161,33,CVE-2026-0636
ozks,37876,16,CVE-2026-33807
ozks,37876,16,CVE-2026-33808
ozks,287679,119,CVE-2026-5588
ozks,102225,43,CVE-2026-5598
ozks,6860,3,CVE-2026-30778
ozks,181921,76,CVE-2026-33805
ozks,50394,21,CVE-2026-5758
ozks,186490,78,CVE-2026-6290
ozks,783662,330,CVE-2026-6383
ozks,343852,145,CVE-2025-41118
ozks,88828,37,CVE-2026-21726
ozks,2666630,1123,CVE-2026-33877
ozks,2666630,1123,CVE-2026-33888
ozks,2666630,1123,CVE-2026-33889
ozks,2664016,1122,CVE-2026-35569
ozks,2664016,1122,CVE-2026-39857
ozks,394009,165,CVE-2026-40173
ozks,2265,1,CVE-2026-40186
ozks,325520,134,CVE-2026-40179
ozks,73310,31,CVE-2026-40193
ozks,37424,16,CVE-2026-40245
ozks,43982,18,CVE-2026-3299
ozks,1028608,434,CVE-2026-3551
ozks,26862,11,CVE-2026-6414
ozks,40654,17,CVE-2026-6270
ozks,26862,11,CVE-2026-6410
ozks,939104,396,CVE-2026-2840
ozks,40654,17,CVE-2026-33804
ozks,2623882,1099,CVE-2026-3324
ozks,7020,3,CVE-2026-34164
ozks,11385,5,CVE-2026-35469
ozks,350700,146,CVE-2026-39313
ozks,37424,16,CVE-2026-40246
ozks,37424,16,CVE-2026-40247
ozks,37424,16,CVE-2026-40248
ozks,37424,16,CVE-2026-40249
ozks,1038832,436,CVE-2026-40255
ozks,570386,238,CVE-2026-3605
ozks,550748,230,CVE-2026-4525
ozks,145863,61,CVE-2026-5052
ozks,693993,289,CVE-2026-5807
ozks,340969,143,CVE-2026-40458
ozks,120801,50,CVE-2026-6437
ozks,835691,350,CVE-2026-35603
ozks,30755,13,CVE-2026-40155
ozks,240945,100,CVE-2026-40293
ozks,1091162,459,CVE-2026-40299
ozks,321979,134,CVE-2026-40302
ozks,321979,134,CVE-2026-40303
ozks,321979,134,CVE-2026-40304
ozks,102003,42,CVE-2026-40477
ozks,102003,42,CVE-2026-40478
ozks,723589,301,CVE-2026-40481
ozks,1892177,786,CVE-2026-40346
ozks,110983,46,CVE-2026-35582
ozks,633629,264,CVE-2026-40490
ozks,9693492,4098,CVE-2026-2505
ozks,417784,176,CVE-2026-41242
ozks,31733,13,CVE-2026-6594
ozks,4566,2,CVE-2026-33557
ozks,136291,57,CVE-2026-33558
ozks,424253,178,CVE-2026-3519
ozks,61840,26,CVE-2026-41245
ozks,33223,14,CVE-2026-32604
ozks,445808,185,CVE-2026-32613
ozks,33188,14,CVE-2026-35570
ozks,162986,69,CVE-2026-40045
ozks,148685,63,CVE-2026-41294
ozks,162986,69,CVE-2026-41295
ozks,153570,65,CVE-2026-41296
ozks,153570,65,CVE-2026-41297
ozks,162986,69,CVE-2026-41298
ozks,148685,63,CVE-2026-41299
ozks,153570,65,CVE-2026-41300
ozks,26164,11,CVE-2026-41301
ozks,153570,65,CVE-2026-41302
ozks,148685,63,CVE-2026-41303
ozks,153570,65,CVE-2026-41329
ozks,153570,65,CVE-2026-41330
ozks,153570,65,CVE-2026-41331
ozks,455279,191,CVE-2026-39320
ozks,812217,340,CVE-2026-39861
ozks,4728,2,CVE-2026-39973
ozks,121489,50,CVE-2025-1241
ozks,122873,52,CVE-2026-3298
ozks,286084,119,CVE-2026-25542
ozks,51732,21,CVE-2026-40161
ozks,68884,29,CVE-2026-40574
ozks,255370,107,CVE-2026-40611
ozks,62320,26,CVE-2026-22751
ozks,692626,288,CVE-2026-40868
ozks,127764,53,CVE-2026-40876
ozks,988495,414,CVE-2026-40879
ozks,138790,58,CVE-2026-40880
ozks,136293,57,CVE-2026-40881
ozks,4756,2,CVE-2026-40883
ozks,127764,53,CVE-2026-40884
ozks,4756,2,CVE-2026-40885
ozks,816580,341,CVE-2026-40887
ozks,93464,40,CVE-2026-40910
ozks,566757,236,CVE-2026-40923
ozks,566757,236,CVE-2026-40924
ozks,58572,24,CVE-2026-40938
ozks,67715,29,CVE-2026-40931
ozks,491218,206,CVE-2026-40933
ozks,125601,51,CVE-2026-40939
ozks,61363,25,CVE-2026-40942
ozks,128018,53,CVE-2026-40943
ozks,128018,53,CVE-2026-40944
ozks,128018,53,CVE-2026-40945
ozks,128018,53,CVE-2026-40946
ozks,37424,16,CVE-2026-40343
ozks,45456,19,CVE-2026-40575
ozks,45456,19,CVE-2026-41059
ozks,257061,107,CVE-2026-41131
ozks,45651,19,CVE-2026-41135
ozks,47572,20,CVE-2026-41136
ozks,844268,355,CVE-2026-2714
ozks,1177041,492,CVE-2026-4088
ozks,90197,38,CVE-2026-4119
ozks,289873,120,CVE-2026-4121
ozks,1695425,709,CVE-2026-4126
ozks,307140,130,CVE-2026-4133
ozks,118513,50,CVE-2026-4142
ozks,535245,224,CVE-2026-32885
ozks,7317,3,CVE-2026-33471
ozks,7675,3,CVE-2026-34064
ozks,6628,3,CVE-2026-34065
ozks,7156,3,CVE-2026-34066
ozks,6983,3,CVE-2026-34067
ozks,6983,3,CVE-2026-34068
ozks,111468,47,CVE-2026-40882
ozks,4868,2,CVE-2026-40937
ozks,113930,48,CVE-2026-41166
ozks,177581,74,CVE-2026-41176
ozks,173029,72,CVE-2026-41179
ozks,31166,13,CVE-2026-41180
ozks,90197,38,CVE-2026-41197
ozks,436466,183,CVE-2026-41208
ozks,244130,101,CVE-2026-41211
ozks,52250,22,CVE-2026-3361
ozks,73582,31,CVE-2026-41238
ozks,229971,97,CVE-2026-41239
ozks,323215,136,CVE-2026-41240
ozks,80622,34,CVE-2026-40886
ozks,45743,19,CVE-2026-41213
ozks,217147,90,CVE-2026-41246
ozks,491218,206,CVE-2026-41137
ozks,491218,206,CVE-2026-41138
ozks,491218,206,CVE-2026-41264
ozks,491218,206,CVE-2026-41265
ozks,237663,99,CVE-2026-41266
ozks,237663,99,CVE-2026-41267
ozks,491218,206,CVE-2026-41268
ozks,237663,99,CVE-2026-41269
ozks,491218,206,CVE-2026-41271
ozks,491218,206,CVE-2026-41272
ozks,237663,99,CVE-2026-41273
ozks,237663,99,CVE-2026-41275
ozks,237663,99,CVE-2026-41276
ozks,237663,99,CVE-2026-41277
ozks,237663,99,CVE-2026-41278
ozks,237663,99,CVE-2026-41279
ozks,491218,206,CVE-2026-41274
ozks,77682,33,CVE-2026-29050
ozks,77682,33,CVE-2026-29051
ozks,781269,323,CVE-2026-33318
ozks,647711,273,CVE-2026-41305
ozks,699817,291,CVE-2026-41068
ozks,692626,288,CVE-2026-41323
ozks,277491,116,CVE-2026-41324
ozks,124587,52,CVE-2026-41485
ozks,590704,250,CVE-2026-3565
ozks,64486,27,CVE-2026-40897
ozks,3127043,1312,CVE-2026-41067
ozks,597283,249,CVE-2026-41321
ozks,377096,158,CVE-2026-41322
ozks,180396,78,CVE-2026-41676
ozks,238470,103,CVE-2026-41677
ozks,125438,54,CVE-2026-41678
ozks,90291,39,CVE-2026-41681
ozks,46380,19,CVE-2026-33524
ozks,399103,167,CVE-2026-41327
ozks,399103,167,CVE-2026-41328
ozks,399103,167,CVE-2026-41492
ozks,13918,6,CVE-2026-2265
ozks,5204262,2168,CVE-2026-33949
ozks,133052,56,CVE-2026-33990
ozks,5204262,2168,CVE-2026-34603
ozks,5201819,2167,CVE-2026-34604
ozks,959530,401,CVE-2026-34076
ozks,6986563,2925,CVE-2026-34751
ozks,1050097,438,CVE-2026-5199
ozks,4083399,1716,CVE-2026-34746
ozks,4083399,1716,CVE-2026-34747
ozks,2857434,1197,CVE-2026-34748
ozks,4083399,1716,CVE-2026-34749
ozks,8893410,3710,CVE-2026-34750
ozks,336990,140,CVE-2026-34528
ozks,336990,140,CVE-2026-34529
ozks,336990,140,CVE-2026-34530
ozks,9388,4,CVE-2026-5323
ozks,110738,47,CVE-2026-5327
ozks,330753,139,CVE-2026-3872
ozks,330753,139,CVE-2026-4282
ozks,330753,139,CVE-2026-4325
ozks,330753,139,CVE-2026-4634
ozks,330753,139,CVE-2026-4636
ozks,30799,13,CVE-2026-33544
ozks,450388,189,CVE-2026-33950
ozks,447587,188,CVE-2026-33951
ozks,36834,15,CVE-2026-34083
ozks,453013,190,CVE-2026-35038
ozks,197308,83,CVE-2026-34522
ozks,197308,83,CVE-2026-34523
ozks,197308,83,CVE-2026-34524
ozks,197308,83,CVE-2026-34526
ozks,168825,71,CVE-2026-34601
ozks,37096,16,CVE-2026-34725
ozks,162986,69,CVE-2026-34425
ozks,129852,55,CVE-2026-34426
ozks,9472,4,CVE-2026-34581
ozks,44929,19,CVE-2026-34742
ozks,261228,110,CVE-2026-34752
ozks,89262,37,CVE-2026-34761
ozks,89262,37,CVE-2026-34762
ozks,1872890,778,CVE-2026-34825
ozks,3193929,1335,CVE-2026-5467
ozks,270038,112,CVE-2026-25773
ozks,270038,112,CVE-2026-28736
ozks,3193929,1335,CVE-2026-5468
ozks,3193929,1335,CVE-2026-5469
ozks,7423766,3110,CVE-2026-25044
ozks,5996525,2505,CVE-2026-31818
ozks,7423766,3110,CVE-2026-35214
ozks,7423766,3110,CVE-2026-35216
ozks,162986,69,CVE-2026-34511
ozks,3892429,1637,CVE-2026-34766
ozks,3918352,1648,CVE-2026-34767
ozks,3897301,1639,CVE-2026-34768
ozks,3892429,1637,CVE-2026-34769
ozks,3897301,1639,CVE-2026-34770
ozks,3892429,1637,CVE-2026-34771
ozks,3890162,1636,CVE-2026-34772
ozks,3902356,1641,CVE-2026-34773
ozks,3899920,1640,CVE-2026-34774
ozks,3916268,1647,CVE-2026-34775
ozks,3902356,1641,CVE-2026-34776
ozks,3902356,1641,CVE-2026-34777
ozks,3902356,1641,CVE-2026-34778
ozks,3897301,1639,CVE-2026-34779
ozks,167287,71,CVE-2026-34780
ozks,73393,31,CVE-2026-2826
ozks,9236,4,CVE-2026-5602
ozks,7359,3,CVE-2026-5603
ozks,333213,140,CVE-2026-37977
ozks,142175,59,CVE-2026-33540
ozks,2650459,1109,CVE-2026-34148
ozks,171955,72,CVE-2026-34208
ozks,171955,72,CVE-2026-34211
ozks,171955,72,CVE-2026-34217
ozks,797710,336,CVE-2026-34764
ozks,106271,45,CVE-2026-34940
ozks,143431,61,CVE-2026-34950
ozks,261763,110,CVE-2026-34841
ozks,346681,145,CVE-2026-34976
ozks,118967,50,CVE-2026-34986
ozks,227582,96,CVE-2026-34992
ozks,77363,33,CVE-2026-35036
ozks,77363,33,CVE-2026-35037
ozks,143431,61,CVE-2026-35039
ozks,143431,61,CVE-2026-35042
ozks,639710,268,CVE-2026-35166
ozks,66842,28,CVE-2026-35209
ozks,73724,31,CVE-2026-33817
ozks,142175,59,CVE-2026-35172
ozks,1750415,732,CVE-2026-35200
ozks,94283,39,CVE-2026-34972
ozks,14288,6,CVE-2026-35213
ozks,113320,47,CVE-2026-35392
ozks,113320,47,CVE-2026-35393
ozks,108658,46,CVE-2026-35394
ozks,776154,326,CVE-2026-35408
ozks,771632,324,CVE-2026-35409
ozks,773717,325,CVE-2026-35410
ozks,773717,325,CVE-2026-35411
ozks,773717,325,CVE-2026-35412
ozks,773717,325,CVE-2026-35413
ozks,776154,326,CVE-2026-35441
ozks,776154,326,CVE-2026-35442
ozks,12124,5,CVE-2026-35454
ozks,113320,47,CVE-2026-35471
ozks,891845,371,CVE-2026-33227
ozks,459031,191,CVE-2026-34197
ozks,82545,35,CVE-2026-35554
ozks,49777,21,CVE-2026-35405
ozks,49777,21,CVE-2026-35457
ozks,129179,54,CVE-2026-35458
ozks,63002,26,CVE-2026-35480
ozks,45639,19,CVE-2026-4740
ozks,93337,39,CVE-2026-33816
ozks,1028608,434,CVE-2026-35515
ozks,100811,42,CVE-2026-35571
ozks,28342,12,CVE-2026-27314
ozks,48214,20,CVE-2026-27315
ozks,90437,38,CVE-2026-32588
ozks,100811,42,CVE-2026-35580
ozks,100811,42,CVE-2026-35581
ozks,100811,42,CVE-2026-35583
ozks,344209,143,CVE-2026-35585
ozks,341920,142,CVE-2026-35604
ozks,341920,142,CVE-2026-35605
ozks,341920,142,CVE-2026-35606
ozks,341920,142,CVE-2026-35607
ozks,2270,1,CVE-2026-35613
ozks,1767009,739,CVE-2026-39321
ozks,4868,2,CVE-2026-39360
ozks,4756,2,CVE-2026-5736
ozks,2788,1,CVE-2025-56015
ozks,2589205,1085,CVE-2026-39356
ozks,211524,89,CVE-2026-39363
ozks,68756,29,CVE-2026-39364
ozks,1653401,698,CVE-2026-39365
ozks,79241,33,CVE-2026-39371
ozks,856954,360,CVE-2026-39381
ozks,96390,39,CVE-2026-39395
ozks,703144,298,CVE-2026-3566
ozks,4756,2,CVE-2026-5739
ozks,12084,5,CVE-2026-29181
ozks,92200,38,CVE-2026-33439
ozks,75472,32,CVE-2026-35533
ozks,68390,29,CVE-2026-39397
ozks,3943088,1658,CVE-2026-34765
ozks,3943088,1658,CVE-2026-34781
ozks,6959,3,CVE-2026-35406
ozks,29243,12,CVE-2026-35568
ozks,616152,261,CVE-2026-3357
ozks,227582,96,CVE-2026-3499
ozks,19520637,8209,CVE-2026-3477
ozks,85521,36,CVE-2026-2481
ozks,448428,186,CVE-2026-5795
ozks,192561,81,CVE-2026-39406
ozks,987104,418,CVE-2026-39407
ozks,384549,163,CVE-2026-39408
ozks,987104,418,CVE-2026-39409
ozks,987104,418,CVE-2026-39410
ozks,4514,2,CVE-2026-39865
ozks,67690,28,CVE-2026-27806
ozks,525956,222,CVE-2026-34166
ozks,102993,43,CVE-2026-23869
ozks,525956,222,CVE-2026-35525
ozks,1025061,429,CVE-2026-39411
ozks,528041,223,CVE-2026-39412
ozks,530126,224,CVE-2026-39859
ozks,143897,60,CVE-2026-39429
ozks,320817,133,CVE-2026-39882
ozks,79831,33,CVE-2026-39883
ozks,251039,106,CVE-2026-39885
ozks,721137,300,CVE-2026-39901
ozks,172740,73,CVE-2026-40037
ozks,252879,107,CVE-2026-3199
ozks,18800,8,CVE-2026-5831
ozks,4700,2,CVE-2026-5832
ozks,4370,2,CVE-2026-5833
ozks,331067,139,CVE-2026-5842
ozks,24378,10,CVE-2025-62188
ozks,101789,42,CVE-2026-4660
ozks,305200,129,CVE-2025-62718
ozks,52462,22,CVE-2026-33005
ozks,14304,6,CVE-2026-33266
ozks,71534,30,CVE-2026-34020
ozks,146042,62,CVE-2026-35040
ozks,23822,10,CVE-2026-35041
ozks,24579,11,CVE-2026-35204
ozks,24579,11,CVE-2026-35205
ozks,18712,8,CVE-2026-39398
ozks,776154,326,CVE-2026-39942
ozks,776154,326,CVE-2026-39943
ozks,237344,99,CVE-2026-39972
ozks,444441,187,CVE-2026-39974
ozks,109749,45,CVE-2026-40046
ozks,689842,291,CVE-2026-39315
ozks,19672,8,CVE-2026-39961
ozks,2612,1,CVE-2026-39983
ozks,424253,178,CVE-2026-34941
ozks,424253,178,CVE-2026-34942
ozks,424253,178,CVE-2026-34943
ozks,424253,178,CVE-2026-34944
ozks,133128,56,CVE-2026-34945
ozks,133128,56,CVE-2026-34946
ozks,96397,41,CVE-2026-34971
ozks,2437,1,CVE-2026-34983
ozks,133128,56,CVE-2026-34987
ozks,116245,49,CVE-2026-34988
ozks,133128,56,CVE-2026-35186
ozks,424253,178,CVE-2026-35195
ozks,1855925,774,CVE-2026-24880
ozks,1847348,771,CVE-2026-25854
ozks,21997,9,CVE-2026-29129
ozks,837033,348,CVE-2026-29145
ozks,914885,382,CVE-2026-29146
ozks,43982,18,CVE-2026-32990
ozks,1187212,495,CVE-2026-34483
ozks,13871,6,CVE-2026-34486
ozks,1344295,561,CVE-2026-34487
ozks,597706,249,CVE-2026-34500
ozks,173511,72,CVE-2026-40077
ozks,352567,149,CVE-2026-35206
ozks,7156,3,CVE-2026-40093
ozks,233325,97,CVE-2026-40109
ozks,148685,63,CVE-2026-35617
ozks,139267,59,CVE-2026-35618
ozks,129852,55,CVE-2026-35622
ozks,148685,63,CVE-2026-35623
ozks,129852,55,CVE-2026-35624
ozks,129852,55,CVE-2026-35626
ozks,129852,55,CVE-2026-35627
ozks,148685,63,CVE-2026-35628
ozks,151131,64,CVE-2026-35629
ozks,82425,35,CVE-2026-35632
ozks,129852,55,CVE-2026-35633
ozks,139267,59,CVE-2026-35634
ozks,129852,55,CVE-2026-35635
ozks,129852,55,CVE-2026-35637
ozks,129852,55,CVE-2026-35639
ozks,151131,64,CVE-2026-35640
ozks,148685,63,CVE-2026-35645
ozks,151131,64,CVE-2026-35646
ozks,52052,22,CVE-2026-5986
ozks,16583,7,CVE-2026-6011
ozks,2299,1,CVE-2026-22750
ozks,923471,383,CVE-2026-39304
ozks,1403942,591,CVE-2025-5804
ozks,88410,37,CVE-2026-34477
ozks,41920,17,CVE-2026-34478
ozks,177502,74,CVE-2026-34480
ozks,66145,28,CVE-2026-34481
ozks,73393,31,CVE-2026-34727
ozks,73393,31,CVE-2026-35594
ozks,73393,31,CVE-2026-35595
ozks,73393,31,CVE-2026-35596
ozks,73393,31,CVE-2026-35597
ozks,73393,31,CVE-2026-35598
ozks,73393,31,CVE-2026-35599
ozks,73393,31,CVE-2026-35600
ozks,73393,31,CVE-2026-35601
ozks,73393,31,CVE-2026-35602
ozks,141530,60,CVE-2026-35619
ozks,146070,62,CVE-2026-35620
ozks,141530,60,CVE-2026-35621
ozks,2259,1,CVE-2026-35641
ozks,129852,55,CVE-2026-35643
ozks,148685,63,CVE-2026-35647
ozks,129852,55,CVE-2026-35648
ozks,129852,55,CVE-2026-35649
ozks,129852,55,CVE-2026-35650
ozks,96923,41,CVE-2026-35651
ozks,129852,55,CVE-2026-35652
ozks,146070,62,CVE-2026-35653
ozks,148685,63,CVE-2026-35654
ozks,129852,55,CVE-2026-35655
ozks,129852,55,CVE-2026-35656
ozks,148685,63,CVE-2026-35657
ozks,104225,44,CVE-2026-35658
ozks,129852,55,CVE-2026-35659
ozks,139267,59,CVE-2026-35660
ozks,148685,63,CVE-2026-35661
ozks,129852,55,CVE-2026-35662
ozks,148685,63,CVE-2026-35663
ozks,148685,63,CVE-2026-35664
ozks,146070,62,CVE-2026-35665
ozks,129852,55,CVE-2026-35666
ozks,146070,62,CVE-2026-35667
ozks,146070,62,CVE-2026-35668
ozks,148685,63,CVE-2026-35669
ozks,129852,55,CVE-2026-35670
ozks,2241244,939,CVE-2026-40073
ozks,2241244,939,CVE-2026-40074
ozks,122997,51,CVE-2026-40097
ozks,73393,31,CVE-2026-40103
ozks,1439249,601,CVE-2026-40163
ozks,305200,129,CVE-2026-40175
ozks,223087,92,CVE-2026-40180
ozks,16840,7,CVE-2026-40188
ozks,113320,47,CVE-2026-40189
ozks,957747,404,CVE-2026-40190
ozks,22370,9,CVE-2026-40242
ozks,1052194,439,CVE-2026-5724
ozks,695433,293,CVE-2026-4150
ozks,1064018,444,CVE-2026-4152
ozks,294755,125,CVE-2026-3358
ozks,160219,66,CVE-2026-6125
ozks,50914,21,CVE-2026-35337
ozks,51090,21,CVE-2026-35565
ozks,5098,2,CVE-2026-34476
ozks,628127,264,CVE-2026-28291
ozks,543790,228,CVE-2026-6216
ozks,7153,3,CVE-2026-34069
ozks,318008,132,CVE-2026-34984
ozks,49779,21,CVE-2026-33929
ozks,168013,70,CVE-2025-13822
ozks,226357,94,CVE-2026-2332
ozks,116992,50,CVE-2025-61260
ozks,328293,138,CVE-2026-37980
ozks,36497,15,CVE-2026-2401
ozks,4074586,1708,CVE-2026-2405
ozks,153188,64,CVE-2026-33414
ozks,22027,9,CVE-2026-34454
ozks,78423,33,CVE-2026-34457
ozks,41378,17,CVE-2026-33806
ozks,111468,47,CVE-2026-39842
ozks,163996,69,CVE-2026-39884
ozks,14462,6,CVE-2026-39984
ozks,321271,134,CVE-2026-40090
ozks,11742,5,CVE-2026-40091
ozks,78161,33,CVE-2026-0636
ozks,37876,16,CVE-2026-33807
ozks,37876,16,CVE-2026-33808
ozks,287679,119,CVE-2026-5588
ozks,102225,43,CVE-2026-5598
ozks,6860,3,CVE-2026-30778
ozks,181921,76,CVE-2026-33805
ozks,50394,21,CVE-2026-5758
ozks,186490,78,CVE-2026-6290
ozks,783662,330,CVE-2026-6383
ozks,343852,145,CVE-2025-41118
ozks,88828,37,CVE-2026-21726
ozks,2666630,1123,CVE-2026-33877
ozks,2666630,1123,CVE-2026-33888
ozks,2666630,1123,CVE-2026-33889
ozks,2664016,1122,CVE-2026-35569
ozks,2664016,1122,CVE-2026-39857
ozks,394009,165,CVE-2026-40173
ozks,2265,1,CVE-2026-40186
ozks,325520,134,CVE-2026-40179
ozks,73310,31,CVE-2026-40193
ozks,37424,16,CVE-2026-40245
ozks,43982,18,CVE-2026-3299
ozks,1028608,434,CVE-2026-3551
ozks,26862,11,CVE-2026-6414
ozks,40654,17,CVE-2026-6270
ozks,26862,11,CVE-2026-6410
ozks,939104,396,CVE-2026-2840
ozks,40654,17,CVE-2026-33804
ozks,2623882,1099,CVE-2026-3324
ozks,7020,3,CVE-2026-34164
ozks,11385,5,CVE-2026-35469
ozks,350700,146,CVE-2026-39313
ozks,37424,16,CVE-2026-40246
ozks,37424,16,CVE-2026-40247
ozks,37424,16,CVE-2026-40248
ozks,37424,16,CVE-2026-40249
ozks,1038832,436,CVE-2026-40255
ozks,570386,238,CVE-2026-3605
ozks,550748,230,CVE-2026-4525
ozks,145863,61,CVE-2026-5052
ozks,693993,289,CVE-2026-5807
ozks,340969,143,CVE-2026-40458
ozks,120801,50,CVE-2026-6437
ozks,835691,350,CVE-2026-35603
ozks,30755,13,CVE-2026-40155
ozks,240945,100,CVE-2026-40293
ozks,1091162,459,CVE-2026-40299
ozks,321979,134,CVE-2026-40302
ozks,321979,134,CVE-2026-40303
ozks,321979,134,CVE-2026-40304
ozks,102003,42,CVE-2026-40477
ozks,102003,42,CVE-2026-40478
ozks,723589,301,CVE-2026-40481
ozks,1892177,786,CVE-2026-40346
ozks,110983,46,CVE-2026-35582
ozks,633629,264,CVE-2026-40490
ozks,9693492,4098,CVE-2026-2505
ozks,417784,176,CVE-2026-41242
ozks,31733,13,CVE-2026-6594
ozks,4566,2,CVE-2026-33557
ozks,136291,57,CVE-2026-33558
ozks,424253,178,CVE-2026-3519
ozks,61840,26,CVE-2026-41245
ozks,33223,14,CVE-2026-32604
ozks,445808,185,CVE-2026-32613
ozks,33188,14,CVE-2026-35570
ozks,162986,69,CVE-2026-40045
ozks,148685,63,CVE-2026-41294
ozks,162986,69,CVE-2026-41295
ozks,153570,65,CVE-2026-41296
ozks,153570,65,CVE-2026-41297
ozks,162986,69,CVE-2026-41298
ozks,148685,63,CVE-2026-41299
ozks,153570,65,CVE-2026-41300
ozks,26164,11,CVE-2026-41301
ozks,153570,65,CVE-2026-41302
ozks,148685,63,CVE-2026-41303
ozks,153570,65,CVE-2026-41329
ozks,153570,65,CVE-2026-41330
ozks,153570,65,CVE-2026-41331
ozks,455279,191,CVE-2026-39320
ozks,812217,340,CVE-2026-39861
ozks,4728,2,CVE-2026-39973
ozks,121489,50,CVE-2025-1241
ozks,122873,52,CVE-2026-3298
ozks,286084,119,CVE-2026-25542
ozks,51732,21,CVE-2026-40161
ozks,68884,29,CVE-2026-40574
ozks,255370,107,CVE-2026-40611
ozks,62320,26,CVE-2026-22751
ozks,692626,288,CVE-2026-40868
ozks,127764,53,CVE-2026-40876
ozks,988495,414,CVE-2026-40879
ozks,138790,58,CVE-2026-40880
ozks,136293,57,CVE-2026-40881
ozks,4756,2,CVE-2026-40883
ozks,127764,53,CVE-2026-40884
ozks,4756,2,CVE-2026-40885
ozks,816580,341,CVE-2026-40887
ozks,93464,40,CVE-2026-40910
ozks,566757,236,CVE-2026-40923
ozks,566757,236,CVE-2026-40924
ozks,58572,24,CVE-2026-40938
ozks,67715,29,CVE-2026-40931
ozks,491218,206,CVE-2026-40933
ozks,125601,51,CVE-2026-40939
ozks,61363,25,CVE-2026-40942
ozks,128018,53,CVE-2026-40943
ozks,128018,53,CVE-2026-40944
ozks,128018,53,CVE-2026-40945
ozks,128018,53,CVE-2026-40946
ozks,37424,16,CVE-2026-40343
ozks,45456,19,CVE-2026-40575
ozks,45456,19,CVE-2026-41059
ozks,257061,107,CVE-2026-41131
ozks,45651,19,CVE-2026-41135
ozks,47572,20,CVE-2026-41136
ozks,844268,355,CVE-2026-2714
ozks,1177041,492,CVE-2026-4088
ozks,90197,38,CVE-2026-4119
ozks,289873,120,CVE-2026-4121
ozks,1695425,709,CVE-2026-4126
ozks,307140,130,CVE-2026-4133
ozks,118513,50,CVE-2026-4142
ozks,535245,224,CVE-2026-32885
ozks,7317,3,CVE-2026-33471
ozks,7675,3,CVE-2026-34064
ozks,6628,3,CVE-2026-34065
ozks,7156,3,CVE-2026-34066
ozks,6983,3,CVE-2026-34067
ozks,6983,3,CVE-2026-34068
ozks,111468,47,CVE-2026-40882
ozks,4868,2,CVE-2026-40937
ozks,113930,48,CVE-2026-41166
ozks,177581,74,CVE-2026-41176
ozks,173029,72,CVE-2026-41179
ozks,31166,13,CVE-2026-41180
ozks,90197,38,CVE-2026-41197
ozks,436466,183,CVE-2026-41208
ozks,244130,101,CVE-2026-41211
ozks,52250,22,CVE-2026-3361
ozks,73582,31,CVE-2026-41238
ozks,229971,97,CVE-2026-41239
ozks,323215,136,CVE-2026-41240
ozks,80622,34,CVE-2026-40886
ozks,45743,19,CVE-2026-41213
ozks,217147,90,CVE-2026-41246
ozks,491218,206,CVE-2026-41137
ozks,491218,206,CVE-2026-41138
ozks,491218,206,CVE-2026-41264
ozks,491218,206,CVE-2026-41265
ozks,237663,99,CVE-2026-41266
ozks,237663,99,CVE-2026-41267
ozks,491218,206,CVE-2026-41268
ozks,237663,99,CVE-2026-41269
ozks,491218,206,CVE-2026-41271
ozks,491218,206,CVE-2026-41272
ozks,237663,99,CVE-2026-41273
ozks,237663,99,CVE-2026-41275
ozks,237663,99,CVE-2026-41276
ozks,237663,99,CVE-2026-41277
ozks,237663,99,CVE-2026-41278
ozks,237663,99,CVE-2026-41279
ozks,491218,206,CVE-2026-41274
ozks,77682,33,CVE-2026-29050
ozks,77682,33,CVE-2026-29051
ozks,781269,323,CVE-2026-33318
ozks,647711,273,CVE-2026-41305
ozks,699817,291,CVE-2026-41068
ozks,692626,288,CVE-2026-41323
ozks,277491,116,CVE-2026-41324
ozks,124587,52,CVE-2026-41485
ozks,590704,250,CVE-2026-3565
ozks,64486,27,CVE-2026-40897
ozks,3127043,1312,CVE-2026-41067
ozks,597283,249,CVE-2026-41321
ozks,377096,158,CVE-2026-41322
ozks,180396,78,CVE-2026-41676
ozks,238470,103,CVE-2026-41677
ozks,125438,54,CVE-2026-41678
ozks,90291,39,CVE-2026-41681
ozks,46380,19,CVE-2026-33524
ozks,399103,167,CVE-2026-41327
ozks,399103,167,CVE-2026-41328
ozks,399103,167,CVE-2026-41492
ozks,13918,6,CVE-2026-2265
ozks,5204262,2168,CVE-2026-33949
ozks,133052,56,CVE-2026-33990
ozks,5204262,2168,CVE-2026-34603
ozks,5201819,2167,CVE-2026-34604
ozks,959530,401,CVE-2026-34076
ozks,6986563,2925,CVE-2026-34751
ozks,1050097,438,CVE-2026-5199
ozks,4083399,1716,CVE-2026-34746
ozks,4083399,1716,CVE-2026-34747
ozks,2857434,1197,CVE-2026-34748
ozks,4083399,1716,CVE-2026-34749
ozks,8893410,3710,CVE-2026-34750
ozks,336990,140,CVE-2026-34528
ozks,336990,140,CVE-2026-34529
ozks,336990,140,CVE-2026-34530
ozks,9388,4,CVE-2026-5323
ozks,110738,47,CVE-2026-5327
ozks,330753,139,CVE-2026-3872
ozks,330753,139,CVE-2026-4282
ozks,330753,139,CVE-2026-4325
ozks,330753,139,CVE-2026-4634
ozks,330753,139,CVE-2026-4636
ozks,30799,13,CVE-2026-33544
ozks,450388,189,CVE-2026-33950
ozks,447587,188,CVE-2026-33951
ozks,36834,15,CVE-2026-34083
ozks,453013,190,CVE-2026-35038
ozks,197308,83,CVE-2026-34522
ozks,197308,83,CVE-2026-34523
ozks,197308,83,CVE-2026-34524
ozks,197308,83,CVE-2026-34526
ozks,168825,71,CVE-2026-34601
ozks,37096,16,CVE-2026-34725
ozks,162986,69,CVE-2026-34425
ozks,129852,55,CVE-2026-34426
ozks,9472,4,CVE-2026-34581
ozks,44929,19,CVE-2026-34742
ozks,261228,110,CVE-2026-34752
ozks,89262,37,CVE-2026-34761
ozks,89262,37,CVE-2026-34762
ozks,1872890,778,CVE-2026-34825
ozks,3193929,1335,CVE-2026-5467
ozks,270038,112,CVE-2026-25773
ozks,270038,112,CVE-2026-28736
ozks,3193929,1335,CVE-2026-5468
ozks,3193929,1335,CVE-2026-5469
ozks,7423766,3110,CVE-2026-25044
ozks,5996525,2505,CVE-2026-31818
ozks,7423766,3110,CVE-2026-35214
ozks,7423766,3110,CVE-2026-35216
ozks,162986,69,CVE-2026-34511
ozks,3892429,1637,CVE-2026-34766
ozks,3918352,1648,CVE-2026-34767
ozks,3897301,1639,CVE-2026-34768
ozks,3892429,1637,CVE-2026-34769
ozks,3897301,1639,CVE-2026-34770
ozks,3892429,1637,CVE-2026-34771
ozks,3890162,1636,CVE-2026-34772
ozks,3902356,1641,CVE-2026-34773
ozks,3899920,1640,CVE-2026-34774
ozks,3916268,1647,CVE-2026-34775
ozks,3902356,1641,CVE-2026-34776
ozks,3902356,1641,CVE-2026-34777
ozks,3902356,1641,CVE-2026-34778
ozks,3897301,1639,CVE-2026-34779
ozks,167287,71,CVE-2026-34780
ozks,73393,31,CVE-2026-2826
ozks,9236,4,CVE-2026-5602
ozks,7359,3,CVE-2026-5603
ozks,333213,140,CVE-2026-37977
ozks,142175,59,CVE-2026-33540
ozks,2650459,1109,CVE-2026-34148
ozks,171955,72,CVE-2026-34208
ozks,171955,72,CVE-2026-34211
ozks,171955,72,CVE-2026-34217
ozks,797710,336,CVE-2026-34764
ozks,106271,45,CVE-2026-34940
ozks,143431,61,CVE-2026-34950
ozks,261763,110,CVE-2026-34841
ozks,346681,145,CVE-2026-34976
ozks,118967,50,CVE-2026-34986
ozks,227582,96,CVE-2026-34992
ozks,77363,33,CVE-2026-35036
ozks,77363,33,CVE-2026-35037
ozks,143431,61,CVE-2026-35039
ozks,143431,61,CVE-2026-35042
ozks,639710,268,CVE-2026-35166
ozks,66842,28,CVE-2026-35209
ozks,73724,31,CVE-2026-33817
ozks,142175,59,CVE-2026-35172
ozks,1750415,732,CVE-2026-35200
ozks,94283,39,CVE-2026-34972
ozks,14288,6,CVE-2026-35213
ozks,113320,47,CVE-2026-35392
ozks,113320,47,CVE-2026-35393
ozks,108658,46,CVE-2026-35394
ozks,776154,326,CVE-2026-35408
ozks,771632,324,CVE-2026-35409
ozks,773717,325,CVE-2026-35410
ozks,773717,325,CVE-2026-35411
ozks,773717,325,CVE-2026-35412
ozks,773717,325,CVE-2026-35413
ozks,776154,326,CVE-2026-35441
ozks,776154,326,CVE-2026-35442
ozks,12124,5,CVE-2026-35454
ozks,113320,47,CVE-2026-35471
ozks,891845,371,CVE-2026-33227
ozks,459031,191,CVE-2026-34197
ozks,82545,35,CVE-2026-35554
ozks,49777,21,CVE-2026-35405
ozks,49777,21,CVE-2026-35457
ozks,129179,54,CVE-2026-35458
ozks,63002,26,CVE-2026-35480
ozks,45639,19,CVE-2026-4740
ozks,93337,39,CVE-2026-33816
ozks,1028608,434,CVE-2026-35515
ozks,100811,42,CVE-2026-35571
ozks,28342,12,CVE-2026-27314
ozks,48214,20,CVE-2026-27315
ozks,90437,38,CVE-2026-32588
ozks,100811,42,CVE-2026-35580
ozks,100811,42,CVE-2026-35581
ozks,100811,42,CVE-2026-35583
ozks,344209,143,CVE-2026-35585
ozks,341920,142,CVE-2026-35604
ozks,341920,142,CVE-2026-35605
ozks,341920,142,CVE-2026-35606
ozks,341920,142,CVE-2026-35607
ozks,2270,1,CVE-2026-35613
ozks,1767009,739,CVE-2026-39321
ozks,4868,2,CVE-2026-39360
ozks,4756,2,CVE-2026-5736
ozks,2788,1,CVE-2025-56015
ozks,2589205,1085,CVE-2026-39356
ozks,211524,89,CVE-2026-39363
ozks,68756,29,CVE-2026-39364
ozks,1653401,698,CVE-2026-39365
ozks,79241,33,CVE-2026-39371
ozks,856954,360,CVE-2026-39381
ozks,96390,39,CVE-2026-39395
ozks,703144,298,CVE-2026-3566
ozks,4756,2,CVE-2026-5739
ozks,12084,5,CVE-2026-29181
ozks,92200,38,CVE-2026-33439
ozks,75472,32,CVE-2026-35533
ozks,68390,29,CVE-2026-39397
ozks,3943088,1658,CVE-2026-34765
ozks,3943088,1658,CVE-2026-34781
ozks,6959,3,CVE-2026-35406
ozks,29243,12,CVE-2026-35568
ozks,616152,261,CVE-2026-3357
ozks,227582,96,CVE-2026-3499
ozks,19520637,8209,CVE-2026-3477
ozks,85521,36,CVE-2026-2481
ozks,448428,186,CVE-2026-5795
ozks,192561,81,CVE-2026-39406
ozks,987104,418,CVE-2026-39407
ozks,384549,163,CVE-2026-39408
ozks,987104,418,CVE-2026-39409
ozks,987104,418,CVE-2026-39410
ozks,4514,2,CVE-2026-39865
ozks,67690,28,CVE-2026-27806
ozks,525956,222,CVE-2026-34166
ozks,102993,43,CVE-2026-23869
ozks,525956,222,CVE-2026-35525
ozks,1025061,429,CVE-2026-39411
ozks,528041,223,CVE-2026-39412
ozks,530126,224,CVE-2026-39859
ozks,143897,60,CVE-2026-39429
ozks,320817,133,CVE-2026-39882
ozks,79831,33,CVE-2026-39883
ozks,251039,106,CVE-2026-39885
ozks,721137,300,CVE-2026-39901
ozks,172740,73,CVE-2026-40037
ozks,252879,107,CVE-2026-3199
ozks,18800,8,CVE-2026-5831
ozks,4700,2,CVE-2026-5832
ozks,4370,2,CVE-2026-5833
ozks,331067,139,CVE-2026-5842
ozks,24378,10,CVE-2025-62188
ozks,101789,42,CVE-2026-4660
ozks,305200,129,CVE-2025-62718
ozks,52462,22,CVE-2026-33005
ozks,14304,6,CVE-2026-33266
ozks,71534,30,CVE-2026-34020
ozks,146042,62,CVE-2026-35040
ozks,23822,10,CVE-2026-35041
ozks,24579,11,CVE-2026-35204
ozks,24579,11,CVE-2026-35205
ozks,18712,8,CVE-2026-39398
ozks,776154,326,CVE-2026-39942
ozks,776154,326,CVE-2026-39943
ozks,237344,99,CVE-2026-39972
ozks,444441,187,CVE-2026-39974
ozks,109749,45,CVE-2026-40046
ozks,689842,291,CVE-2026-39315
ozks,19672,8,CVE-2026-39961
ozks,2612,1,CVE-2026-39983
ozks,424253,178,CVE-2026-34941
ozks,424253,178,CVE-2026-34942
ozks,424253,178,CVE-2026-34943
ozks,424253,178,CVE-2026-34944
ozks,133128,56,CVE-2026-34945
ozks,133128,56,CVE-2026-34946
ozks,96397,41,CVE-2026-34971
ozks,2437,1,CVE-2026-34983
ozks,133128,56,CVE-2026-34987
ozks,116245,49,CVE-2026-34988
ozks,133128,56,CVE-2026-35186
ozks,424253,178,CVE-2026-35195
ozks,1855925,774,CVE-2026-24880
ozks,1847348,771,CVE-2026-25854
ozks,21997,9,CVE-2026-29129
ozks,837033,348,CVE-2026-29145
ozks,914885,382,CVE-2026-29146
ozks,43982,18,CVE-2026-32990
ozks,1187212,495,CVE-2026-34483
ozks,13871,6,CVE-2026-34486
ozks,1344295,561,CVE-2026-34487
ozks,597706,249,CVE-2026-34500
ozks,173511,72,CVE-2026-40077
ozks,352567,149,CVE-2026-35206
ozks,7156,3,CVE-2026-40093
ozks,233325,97,CVE-2026-40109
ozks,148685,63,CVE-2026-35617
ozks,139267,59,CVE-2026-35618
ozks,129852,55,CVE-2026-35622
ozks,148685,63,CVE-2026-35623
ozks,129852,55,CVE-2026-35624
ozks,129852,55,CVE-2026-35626
ozks,129852,55,CVE-2026-35627
ozks,148685,63,CVE-2026-35628
ozks,151131,64,CVE-2026-35629
ozks,82425,35,CVE-2026-35632
ozks,129852,55,CVE-2026-35633
ozks,139267,59,CVE-2026-35634
ozks,129852,55,CVE-2026-35635
ozks,129852,55,CVE-2026-35637
ozks,129852,55,CVE-2026-35639
ozks,151131,64,CVE-2026-35640
ozks,148685,63,CVE-2026-35645
ozks,151131,64,CVE-2026-35646
ozks,52052,22,CVE-2026-5986
ozks,16583,7,CVE-2026-6011
ozks,2299,1,CVE-2026-22750
ozks,923471,383,CVE-2026-39304
ozks,1403942,591,CVE-2025-5804
ozks,88410,37,CVE-2026-34477
ozks,41920,17,CVE-2026-34478
ozks,177502,74,CVE-2026-34480
ozks,66145,28,CVE-2026-34481
ozks,73393,31,CVE-2026-34727
ozks,73393,31,CVE-2026-35594
ozks,73393,31,CVE-2026-35595
ozks,73393,31,CVE-2026-35596
ozks,73393,31,CVE-2026-35597
ozks,73393,31,CVE-2026-35598
ozks,73393,31,CVE-2026-35599
ozks,73393,31,CVE-2026-35600
ozks,73393,31,CVE-2026-35601
ozks,73393,31,CVE-2026-35602
ozks,141530,60,CVE-2026-35619
ozks,146070,62,CVE-2026-35620
ozks,141530,60,CVE-2026-35621
ozks,2259,1,CVE-2026-35641
ozks,129852,55,CVE-2026-35643
ozks,148685,63,CVE-2026-35647
ozks,129852,55,CVE-2026-35648
ozks,129852,55,CVE-2026-35649
ozks,129852,55,CVE-2026-35650
ozks,96923,41,CVE-2026-35651
ozks,129852,55,CVE-2026-35652
ozks,146070,62,CVE-2026-35653
ozks,148685,63,CVE-2026-35654
ozks,129852,55,CVE-2026-35655
ozks,129852,55,CVE-2026-35656
ozks,148685,63,CVE-2026-35657
ozks,104225,44,CVE-2026-35658
ozks,129852,55,CVE-2026-35659
ozks,139267,59,CVE-2026-35660
ozks,148685,63,CVE-2026-35661
ozks,129852,55,CVE-2026-35662
ozks,148685,63,CVE-2026-35663
ozks,148685,63,CVE-2026-35664
ozks,146070,62,CVE-2026-35665
ozks,129852,55,CVE-2026-35666
ozks,146070,62,CVE-2026-35667
ozks,146070,62,CVE-2026-35668
ozks,148685,63,CVE-2026-35669
ozks,129852,55,CVE-2026-35670
ozks,2241244,939,CVE-2026-40073
ozks,2241244,939,CVE-2026-40074
ozks,122997,51,CVE-2026-40097
ozks,73393,31,CVE-2026-40103
ozks,1439249,601,CVE-2026-40163
ozks,305200,129,CVE-2026-40175
ozks,223087,92,CVE-2026-40180
ozks,16840,7,CVE-2026-40188
ozks,113320,47,CVE-2026-40189
ozks,957747,404,CVE-2026-40190
ozks,22370,9,CVE-2026-40242
ozks,1052194,439,CVE-2026-5724
ozks,695433,293,CVE-2026-4150
ozks,1064018,444,CVE-2026-4152
ozks,294755,125,CVE-2026-3358
ozks,160219,66,CVE-2026-6125
ozks,50914,21,CVE-2026-35337
ozks,51090,21,CVE-2026-35565
ozks,5098,2,CVE-2026-34476
ozks,628127,264,CVE-2026-28291
ozks,543790,228,CVE-2026-6216
ozks,7153,3,CVE-2026-34069
ozks,318008,132,CVE-2026-34984
ozks,49779,21,CVE-2026-33929
ozks,168013,70,CVE-2025-13822
ozks,226357,94,CVE-2026-2332
ozks,116992,50,CVE-2025-61260
ozks,328293,138,CVE-2026-37980
ozks,36497,15,CVE-2026-2401
ozks,4074586,1708,CVE-2026-2405
ozks,153188,64,CVE-2026-33414
ozks,22027,9,CVE-2026-34454
ozks,78423,33,CVE-2026-34457
ozks,41378,17,CVE-2026-33806
ozks,111468,47,CVE-2026-39842
ozks,163996,69,CVE-2026-39884
ozks,14462,6,CVE-2026-39984
ozks,321271,134,CVE-2026-40090
ozks,11742,5,CVE-2026-40091
ozks,78161,33,CVE-2026-0636
ozks,37876,16,CVE-2026-33807
ozks,37876,16,CVE-2026-33808
ozks,287679,119,CVE-2026-5588
ozks,102225,43,CVE-2026-5598
ozks,6860,3,CVE-2026-30778
ozks,181921,76,CVE-2026-33805
ozks,50394,21,CVE-2026-5758
ozks,186490,78,CVE-2026-6290
ozks,783662,330,CVE-2026-6383
ozks,343852,145,CVE-2025-41118
ozks,88828,37,CVE-2026-21726
ozks,2666630,1123,CVE-2026-33877
ozks,2666630,1123,CVE-2026-33888
ozks,2666630,1123,CVE-2026-33889
ozks,2664016,1122,CVE-2026-35569
ozks,2664016,1122,CVE-2026-39857
ozks,394009,165,CVE-2026-40173
ozks,2265,1,CVE-2026-40186
ozks,325520,134,CVE-2026-40179
ozks,73310,31,CVE-2026-40193
ozks,37424,16,CVE-2026-40245
ozks,43982,18,CVE-2026-3299
ozks,1028608,434,CVE-2026-3551
ozks,26862,11,CVE-2026-6414
ozks,40654,17,CVE-2026-6270
ozks,26862,11,CVE-2026-6410
ozks,939104,396,CVE-2026-2840
ozks,40654,17,CVE-2026-33804
ozks,2623882,1099,CVE-2026-3324
ozks,7020,3,CVE-2026-34164
ozks,11385,5,CVE-2026-35469
ozks,350700,146,CVE-2026-39313
ozks,37424,16,CVE-2026-40246
ozks,37424,16,CVE-2026-40247
ozks,37424,16,CVE-2026-40248
ozks,37424,16,CVE-2026-40249
ozks,1038832,436,CVE-2026-40255
ozks,567753,237,CVE-2026-3605
ozks,548115,229,CVE-2026-4525
ozks,145863,61,CVE-2026-5052
ozks,691360,288,CVE-2026-5807
ozks,340969,143,CVE-2026-40458
ozks,120801,50,CVE-2026-6437
ozks,835691,350,CVE-2026-35603
ozks,30755,13,CVE-2026-40155
ozks,240945,100,CVE-2026-40293
ozks,1091162,459,CVE-2026-40299
ozks,321979,134,CVE-2026-40302
ozks,321979,134,CVE-2026-40303
ozks,321979,134,CVE-2026-40304
ozks,102003,42,CVE-2026-40477
ozks,102003,42,CVE-2026-40478
ozks,723589,301,CVE-2026-40481
ozks,1892177,786,CVE-2026-40346
ozks,110983,46,CVE-2026-35582
ozks,633629,264,CVE-2026-40490
ozks,9693492,4098,CVE-2026-2505
ozks,417784,176,CVE-2026-41242
ozks,31733,13,CVE-2026-6594
ozks,4566,2,CVE-2026-33557
ozks,136291,57,CVE-2026-33558
ozks,424253,178,CVE-2026-3519
ozks,61840,26,CVE-2026-41245
ozks,33223,14,CVE-2026-32604
ozks,445808,185,CVE-2026-32613
ozks,33188,14,CVE-2026-35570
ozks,162986,69,CVE-2026-40045
ozks,148685,63,CVE-2026-41294
ozks,162986,69,CVE-2026-41295
ozks,153570,65,CVE-2026-41296
ozks,153570,65,CVE-2026-41297
ozks,162986,69,CVE-2026-41298
ozks,148685,63,CVE-2026-41299
ozks,153570,65,CVE-2026-41300
ozks,26164,11,CVE-2026-41301
ozks,153570,65,CVE-2026-41302
ozks,148685,63,CVE-2026-41303
ozks,153570,65,CVE-2026-41329
ozks,153570,65,CVE-2026-41330
ozks,153570,65,CVE-2026-41331
ozks,455279,191,CVE-2026-39320
ozks,812217,340,CVE-2026-39861
ozks,4728,2,CVE-2026-39973
ozks,121489,50,CVE-2025-1241
ozks,122873,52,CVE-2026-3298
ozks,286084,119,CVE-2026-25542
ozks,51732,21,CVE-2026-40161
ozks,68884,29,CVE-2026-40574
ozks,255370,107,CVE-2026-40611
ozks,62320,26,CVE-2026-22751
ozks,692626,288,CVE-2026-40868
ozks,127764,53,CVE-2026-40876
ozks,988495,414,CVE-2026-40879
ozks,138790,58,CVE-2026-40880
ozks,136293,57,CVE-2026-40881
ozks,4756,2,CVE-2026-40883
ozks,127764,53,CVE-2026-40884
ozks,4756,2,CVE-2026-40885
ozks,816580,341,CVE-2026-40887
ozks,93464,40,CVE-2026-40910
ozks,566757,236,CVE-2026-40923
ozks,566757,236,CVE-2026-40924
ozks,58572,24,CVE-2026-40938
ozks,67715,29,CVE-2026-40931
ozks,491218,206,CVE-2026-40933
ozks,125601,51,CVE-2026-40939
ozks,61363,25,CVE-2026-40942
ozks,128018,53,CVE-2026-40943
ozks,128018,53,CVE-2026-40944
ozks,128018,53,CVE-2026-40945
ozks,128018,53,CVE-2026-40946
ozks,37424,16,CVE-2026-40343
ozks,45456,19,CVE-2026-40575
ozks,45456,19,CVE-2026-41059
ozks,257061,107,CVE-2026-41131
ozks,45651,19,CVE-2026-41135
ozks,47572,20,CVE-2026-41136
ozks,844268,355,CVE-2026-2714
ozks,1177041,492,CVE-2026-4088
ozks,90197,38,CVE-2026-4119
ozks,289873,120,CVE-2026-4121
ozks,1695425,709,CVE-2026-4126
ozks,307140,130,CVE-2026-4133
ozks,118513,50,CVE-2026-4142
ozks,535245,224,CVE-2026-32885
ozks,7317,3,CVE-2026-33471
ozks,7675,3,CVE-2026-34064
ozks,6628,3,CVE-2026-34065
ozks,7156,3,CVE-2026-34066
ozks,6983,3,CVE-2026-34067
ozks,6983,3,CVE-2026-34068
ozks,111468,47,CVE-2026-40882
ozks,4868,2,CVE-2026-40937
ozks,113930,48,CVE-2026-41166
ozks,177581,74,CVE-2026-41176
ozks,173029,72,CVE-2026-41179
ozks,31166,13,CVE-2026-41180
ozks,90197,38,CVE-2026-41197
ozks,436466,183,CVE-2026-41208
ozks,244130,101,CVE-2026-41211
ozks,52250,22,CVE-2026-3361
ozks,73582,31,CVE-2026-41238
ozks,229971,97,CVE-2026-41239
ozks,323215,136,CVE-2026-41240
ozks,80622,34,CVE-2026-40886
ozks,45743,19,CVE-2026-41213
ozks,217147,90,CVE-2026-41246
ozks,491218,206,CVE-2026-41137
ozks,491218,206,CVE-2026-41138
ozks,491218,206,CVE-2026-41264
ozks,491218,206,CVE-2026-41265
ozks,237663,99,CVE-2026-41266
ozks,237663,99,CVE-2026-41267
ozks,491218,206,CVE-2026-41268
ozks,237663,99,CVE-2026-41269
ozks,491218,206,CVE-2026-41271
ozks,491218,206,CVE-2026-41272
ozks,237663,99,CVE-2026-41273
ozks,237663,99,CVE-2026-41275
ozks,237663,99,CVE-2026-41276
ozks,237663,99,CVE-2026-41277
ozks,237663,99,CVE-2026-41278
ozks,237663,99,CVE-2026-41279
ozks,491218,206,CVE-2026-41274
ozks,77682,33,CVE-2026-29050
ozks,77682,33,CVE-2026-29051
ozks,781269,323,CVE-2026-33318
ozks,647711,273,CVE-2026-41305
ozks,699817,291,CVE-2026-41068
ozks,692626,288,CVE-2026-41323
ozks,277491,116,CVE-2026-41324
ozks,124587,52,CVE-2026-41485
ozks,590704,250,CVE-2026-3565
ozks,64486,27,CVE-2026-40897
ozks,3127043,1312,CVE-2026-41067
ozks,597283,249,CVE-2026-41321
ozks,377096,158,CVE-2026-41322
ozks,180396,78,CVE-2026-41676
ozks,238470,103,CVE-2026-41677
ozks,125438,54,CVE-2026-41678
ozks,90291,39,CVE-2026-41681
ozks,46380,19,CVE-2026-33524
ozks,399103,167,CVE-2026-41327
ozks,399103,167,CVE-2026-41328
ozks,399103,167,CVE-2026-41492
ozks,13918,6,CVE-2026-2265
ozks,5204262,2168,CVE-2026-33949
ozks,133052,56,CVE-2026-33990
ozks,5204262,2168,CVE-2026-34603
ozks,5201819,2167,CVE-2026-34604
ozks,959530,401,CVE-2026-34076
ozks,6986563,2925,CVE-2026-34751
ozks,1050097,438,CVE-2026-5199
ozks,4083399,1716,CVE-2026-34746
ozks,4083399,1716,CVE-2026-34747
ozks,2857434,1197,CVE-2026-34748
ozks,4083399,1716,CVE-2026-34749
ozks,8893410,3710,CVE-2026-34750
ozks,336990,140,CVE-2026-34528
ozks,336990,140,CVE-2026-34529
ozks,336990,140,CVE-2026-34530
ozks,9388,4,CVE-2026-5323
ozks,110738,47,CVE-2026-5327
ozks,330753,139,CVE-2026-3872
ozks,330753,139,CVE-2026-4282
ozks,330753,139,CVE-2026-4325
ozks,330753,139,CVE-2026-4634
ozks,330753,139,CVE-2026-4636
ozks,30799,13,CVE-2026-33544
ozks,450388,189,CVE-2026-33950
ozks,447587,188,CVE-2026-33951
ozks,36834,15,CVE-2026-34083
ozks,453013,190,CVE-2026-35038
ozks,197308,83,CVE-2026-34522
ozks,197308,83,CVE-2026-34523
ozks,197308,83,CVE-2026-34524
ozks,197308,83,CVE-2026-34526
ozks,168825,71,CVE-2026-34601
ozks,37096,16,CVE-2026-34725
ozks,162986,69,CVE-2026-34425
ozks,129852,55,CVE-2026-34426
ozks,9472,4,CVE-2026-34581
ozks,44929,19,CVE-2026-34742
ozks,261228,110,CVE-2026-34752
ozks,89262,37,CVE-2026-34761
ozks,89262,37,CVE-2026-34762
ozks,1872890,778,CVE-2026-34825
ozks,3193929,1335,CVE-2026-5467
ozks,270038,112,CVE-2026-25773
ozks,270038,112,CVE-2026-28736
ozks,3193929,1335,CVE-2026-5468
ozks,3193929,1335,CVE-2026-5469
ozks,7423766,3110,CVE-2026-25044
ozks,5996525,2505,CVE-2026-31818
ozks,7423766,3110,CVE-2026-35214
ozks,7423766,3110,CVE-2026-35216
ozks,162986,69,CVE-2026-34511
ozks,3892429,1637,CVE-2026-34766
ozks,3918352,1648,CVE-2026-34767
ozks,3897301,1639,CVE-2026-34768
ozks,3892429,1637,CVE-2026-34769
ozks,3897301,1639,CVE-2026-34770
ozks,3892429,1637,CVE-2026-34771
ozks,3890162,1636,CVE-2026-34772
ozks,3902356,1641,CVE-2026-34773
ozks,3899920,1640,CVE-2026-34774
ozks,3916268,1647,CVE-2026-34775
ozks,3902356,1641,CVE-2026-34776
ozks,3902356,1641,CVE-2026-34777
ozks,3902356,1641,CVE-2026-34778
ozks,3897301,1639,CVE-2026-34779
ozks,167287,71,CVE-2026-34780
ozks,73393,31,CVE-2026-2826
ozks,9236,4,CVE-2026-5602
ozks,7359,3,CVE-2026-5603
ozks,333213,140,CVE-2026-37977
ozks,142175,59,CVE-2026-33540
ozks,2650459,1109,CVE-2026-34148
ozks,171955,72,CVE-2026-34208
ozks,171955,72,CVE-2026-34211
ozks,171955,72,CVE-2026-34217
ozks,797710,336,CVE-2026-34764
ozks,106271,45,CVE-2026-34940
ozks,143431,61,CVE-2026-34950
ozks,261763,110,CVE-2026-34841
ozks,346681,145,CVE-2026-34976
ozks,118967,50,CVE-2026-34986
ozks,227582,96,CVE-2026-34992
ozks,77363,33,CVE-2026-35036
ozks,77363,33,CVE-2026-35037
ozks,143431,61,CVE-2026-35039
ozks,143431,61,CVE-2026-35042
ozks,639710,268,CVE-2026-35166
ozks,66842,28,CVE-2026-35209
ozks,73724,31,CVE-2026-33817
ozks,142175,59,CVE-2026-35172
ozks,1750415,732,CVE-2026-35200
ozks,94283,39,CVE-2026-34972
ozks,14288,6,CVE-2026-35213
ozks,113320,47,CVE-2026-35392
ozks,113320,47,CVE-2026-35393
ozks,108658,46,CVE-2026-35394
ozks,776154,326,CVE-2026-35408
ozks,771632,324,CVE-2026-35409
ozks,773717,325,CVE-2026-35410
ozks,773717,325,CVE-2026-35411
ozks,773717,325,CVE-2026-35412
ozks,773717,325,CVE-2026-35413
ozks,776154,326,CVE-2026-35441
ozks,776154,326,CVE-2026-35442
ozks,12124,5,CVE-2026-35454
ozks,113320,47,CVE-2026-35471
ozks,891845,371,CVE-2026-33227
ozks,459031,191,CVE-2026-34197
ozks,82545,35,CVE-2026-35554
ozks,49777,21,CVE-2026-35405
ozks,49777,21,CVE-2026-35457
ozks,129179,54,CVE-2026-35458
ozks,63002,26,CVE-2026-35480
ozks,45639,19,CVE-2026-4740
ozks,93337,39,CVE-2026-33816
ozks,1028608,434,CVE-2026-35515
ozks,100811,42,CVE-2026-35571
ozks,28342,12,CVE-2026-27314
ozks,48214,20,CVE-2026-27315
ozks,90437,38,CVE-2026-32588
ozks,100811,42,CVE-2026-35580
ozks,100811,42,CVE-2026-35581
ozks,100811,42,CVE-2026-35583
ozks,344209,143,CVE-2026-35585
ozks,341920,142,CVE-2026-35604
ozks,341920,142,CVE-2026-35605
ozks,341920,142,CVE-2026-35606
ozks,341920,142,CVE-2026-35607
ozks,2270,1,CVE-2026-35613
ozks,1767009,739,CVE-2026-39321
ozks,4868,2,CVE-2026-39360
ozks,4756,2,CVE-2026-5736
ozks,2788,1,CVE-2025-56015
ozks,2589205,1085,CVE-2026-39356
ozks,211524,89,CVE-2026-39363
ozks,68756,29,CVE-2026-39364
ozks,1653401,698,CVE-2026-39365
ozks,79241,33,CVE-2026-39371
ozks,856954,360,CVE-2026-39381
ozks,96390,39,CVE-2026-39395
ozks,703144,298,CVE-2026-3566
ozks,4756,2,CVE-2026-5739
ozks,12084,5,CVE-2026-29181
ozks,92200,38,CVE-2026-33439
ozks,75472,32,CVE-2026-35533
ozks,68390,29,CVE-2026-39397
ozks,3943088,1658,CVE-2026-34765
ozks,3943088,1658,CVE-2026-34781
ozks,6959,3,CVE-2026-35406
ozks,29243,12,CVE-2026-35568
ozks,616152,261,CVE-2026-3357
ozks,227582,96,CVE-2026-3499
ozks,19520637,8209,CVE-2026-3477
ozks,85521,36,CVE-2026-2481
ozks,448428,186,CVE-2026-5795
ozks,192561,81,CVE-2026-39406
ozks,987104,418,CVE-2026-39407
ozks,384549,163,CVE-2026-39408
ozks,987104,418,CVE-2026-39409
ozks,987104,418,CVE-2026-39410
ozks,4514,2,CVE-2026-39865
ozks,67690,28,CVE-2026-27806
ozks,525956,222,CVE-2026-34166
ozks,102993,43,CVE-2026-23869
ozks,525956,222,CVE-2026-35525
ozks,1025061,429,CVE-2026-39411
ozks,528041,223,CVE-2026-39412
ozks,530126,224,CVE-2026-39859
ozks,143897,60,CVE-2026-39429
ozks,320817,133,CVE-2026-39882
ozks,79831,33,CVE-2026-39883
ozks,251039,106,CVE-2026-39885
ozks,721137,300,CVE-2026-39901
ozks,172740,73,CVE-2026-40037
ozks,252879,107,CVE-2026-3199
ozks,18800,8,CVE-2026-5831
ozks,4700,2,CVE-2026-5832
ozks,4370,2,CVE-2026-5833
ozks,331067,139,CVE-2026-5842
ozks,24378,10,CVE-2025-62188
ozks,101789,42,CVE-2026-4660
ozks,305200,129,CVE-2025-62718
ozks,52462,22,CVE-2026-33005
ozks,14304,6,CVE-2026-33266
ozks,71534,30,CVE-2026-34020
ozks,146042,62,CVE-2026-35040
ozks,23822,10,CVE-2026-35041
ozks,24579,11,CVE-2026-35204
ozks,24579,11,CVE-2026-35205
ozks,18712,8,CVE-2026-39398
ozks,776154,326,CVE-2026-39942
ozks,776154,326,CVE-2026-39943
ozks,237344,99,CVE-2026-39972
ozks,444441,187,CVE-2026-39974
ozks,109749,45,CVE-2026-40046
ozks,689842,291,CVE-2026-39315
ozks,19672,8,CVE-2026-39961
ozks,2612,1,CVE-2026-39983
ozks,424253,178,CVE-2026-34941
ozks,424253,178,CVE-2026-34942
ozks,424253,178,CVE-2026-34943
ozks,424253,178,CVE-2026-34944
ozks,133128,56,CVE-2026-34945
ozks,133128,56,CVE-2026-34946
ozks,96397,41,CVE-2026-34971
ozks,2437,1,CVE-2026-34983
ozks,133128,56,CVE-2026-34987
ozks,116245,49,CVE-2026-34988
ozks,133128,56,CVE-2026-35186
ozks,424253,178,CVE-2026-35195
ozks,1855925,774,CVE-2026-24880
ozks,1847348,771,CVE-2026-25854
ozks,21997,9,CVE-2026-29129
ozks,837033,348,CVE-2026-29145
ozks,914885,382,CVE-2026-29146
ozks,43982,18,CVE-2026-32990
ozks,1187212,495,CVE-2026-34483
ozks,13871,6,CVE-2026-34486
ozks,1344295,561,CVE-2026-34487
ozks,597706,249,CVE-2026-34500
ozks,173511,72,CVE-2026-40077
ozks,352567,149,CVE-2026-35206
ozks,7156,3,CVE-2026-40093
ozks,233325,97,CVE-2026-40109
ozks,148685,63,CVE-2026-35617
ozks,139267,59,CVE-2026-35618
ozks,129852,55,CVE-2026-35622
ozks,148685,63,CVE-2026-35623
ozks,129852,55,CVE-2026-35624
ozks,129852,55,CVE-2026-35626
ozks,129852,55,CVE-2026-35627
ozks,148685,63,CVE-2026-35628
ozks,151131,64,CVE-2026-35629
ozks,82425,35,CVE-2026-35632
ozks,129852,55,CVE-2026-35633
ozks,139267,59,CVE-2026-35634
ozks,129852,55,CVE-2026-35635
ozks,129852,55,CVE-2026-35637
ozks,129852,55,CVE-2026-35639
ozks,151131,64,CVE-2026-35640
ozks,148685,63,CVE-2026-35645
ozks,151131,64,CVE-2026-35646
ozks,52052,22,CVE-2026-5986
ozks,16583,7,CVE-2026-6011
ozks,2299,1,CVE-2026-22750
ozks,923471,383,CVE-2026-39304
ozks,1403942,591,CVE-2025-5804
ozks,88410,37,CVE-2026-34477
ozks,41920,17,CVE-2026-34478
ozks,177502,74,CVE-2026-34480
ozks,66145,28,CVE-2026-34481
ozks,73393,31,CVE-2026-34727
ozks,73393,31,CVE-2026-35594
ozks,73393,31,CVE-2026-35595
ozks,73393,31,CVE-2026-35596
ozks,73393,31,CVE-2026-35597
ozks,73393,31,CVE-2026-35598
ozks,73393,31,CVE-2026-35599
ozks,73393,31,CVE-2026-35600
ozks,73393,31,CVE-2026-35601
ozks,73393,31,CVE-2026-35602
ozks,141530,60,CVE-2026-35619
ozks,146070,62,CVE-2026-35620
ozks,141530,60,CVE-2026-35621
ozks,2259,1,CVE-2026-35641
ozks,129852,55,CVE-2026-35643
ozks,148685,63,CVE-2026-35647
ozks,129852,55,CVE-2026-35648
ozks,129852,55,CVE-2026-35649
ozks,129852,55,CVE-2026-35650
ozks,96923,41,CVE-2026-35651
ozks,129852,55,CVE-2026-35652
ozks,146070,62,CVE-2026-35653
ozks,148685,63,CVE-2026-35654
ozks,129852,55,CVE-2026-35655
ozks,129852,55,CVE-2026-35656
ozks,148685,63,CVE-2026-35657
ozks,104225,44,CVE-2026-35658
ozks,129852,55,CVE-2026-35659
ozks,139267,59,CVE-2026-35660
ozks,148685,63,CVE-2026-35661
ozks,129852,55,CVE-2026-35662
ozks,148685,63,CVE-2026-35663
ozks,148685,63,CVE-2026-35664
ozks,146070,62,CVE-2026-35665
ozks,129852,55,CVE-2026-35666
ozks,146070,62,CVE-2026-35667
ozks,146070,62,CVE-2026-35668
ozks,148685,63,CVE-2026-35669
ozks,129852,55,CVE-2026-35670
ozks,2241244,939,CVE-2026-40073
ozks,2241244,939,CVE-2026-40074
ozks,122997,51,CVE-2026-40097
ozks,73393,31,CVE-2026-40103
ozks,1439249,601,CVE-2026-40163
ozks,305200,129,CVE-2026-40175
ozks,223087,92,CVE-2026-40180
ozks,16840,7,CVE-2026-40188
ozks,113320,47,CVE-2026-40189
ozks,957747,404,CVE-2026-40190
ozks,22370,9,CVE-2026-40242
ozks,1052194,439,CVE-2026-5724
ozks,695433,293,CVE-2026-4150
ozks,1064018,444,CVE-2026-4152
ozks,294755,125,CVE-2026-3358
ozks,160219,66,CVE-2026-6125
ozks,50914,21,CVE-2026-35337
ozks,51090,21,CVE-2026-35565
ozks,5098,2,CVE-2026-34476
ozks,628127,264,CVE-2026-28291
ozks,543790,228,CVE-2026-6216
ozks,7153,3,CVE-2026-34069
ozks,318008,132,CVE-2026-34984
ozks,49779,21,CVE-2026-33929
ozks,168013,70,CVE-2025-13822
ozks,226357,94,CVE-2026-2332
ozks,116992,50,CVE-2025-61260
ozks,328293,138,CVE-2026-37980
ozks,36497,15,CVE-2026-2401
ozks,4074586,1708,CVE-2026-2405
ozks,153188,64,CVE-2026-33414
ozks,22027,9,CVE-2026-34454
ozks,78423,33,CVE-2026-34457
ozks,41378,17,CVE-2026-33806
ozks,111468,47,CVE-2026-39842
ozks,163996,69,CVE-2026-39884
ozks,14462,6,CVE-2026-39984
ozks,321271,134,CVE-2026-40090
ozks,11742,5,CVE-2026-40091
ozks,78161,33,CVE-2026-0636
ozks,37876,16,CVE-2026-33807
ozks,37876,16,CVE-2026-33808
ozks,287679,119,CVE-2026-5588
ozks,102225,43,CVE-2026-5598
ozks,6860,3,CVE-2026-30778
ozks,181921,76,CVE-2026-33805
ozks,50394,21,CVE-2026-5758
ozks,186490,78,CVE-2026-6290
ozks,783662,330,CVE-2026-6383
ozks,343852,145,CVE-2025-41118
ozks,88828,37,CVE-2026-21726
ozks,2666630,1123,CVE-2026-33877
ozks,2666630,1123,CVE-2026-33888
ozks,2666630,1123,CVE-2026-33889
ozks,2664016,1122,CVE-2026-35569
ozks,2664016,1122,CVE-2026-39857
ozks,394009,165,CVE-2026-40173
ozks,2265,1,CVE-2026-40186
ozks,325520,134,CVE-2026-40179
ozks,73310,31,CVE-2026-40193
ozks,37424,16,CVE-2026-40245
ozks,43982,18,CVE-2026-3299
ozks,1028608,434,CVE-2026-3551
ozks,26862,11,CVE-2026-6414
ozks,40654,17,CVE-2026-6270
ozks,26862,11,CVE-2026-6410
ozks,939104,396,CVE-2026-2840
ozks,40654,17,CVE-2026-33804
ozks,2623882,1099,CVE-2026-3324
ozks,7020,3,CVE-2026-34164
ozks,11385,5,CVE-2026-35469
ozks,350700,146,CVE-2026-39313
ozks,37424,16,CVE-2026-40246
ozks,37424,16,CVE-2026-40247
ozks,37424,16,CVE-2026-40248
ozks,37424,16,CVE-2026-40249
ozks,1038832,436,CVE-2026-40255
ozks,570386,238,CVE-2026-3605
ozks,550748,230,CVE-2026-4525
ozks,145863,61,CVE-2026-5052
ozks,693993,289,CVE-2026-5807
ozks,340969,143,CVE-2026-40458
ozks,120801,50,CVE-2026-6437
ozks,835691,350,CVE-2026-35603
ozks,30755,13,CVE-2026-40155
ozks,240945,100,CVE-2026-40293
ozks,1091162,459,CVE-2026-40299
ozks,321979,134,CVE-2026-40302
ozks,321979,134,CVE-2026-40303
ozks,321979,134,CVE-2026-40304
ozks,102003,42,CVE-2026-40477
ozks,102003,42,CVE-2026-40478
ozks,723589,301,CVE-2026-40481
ozks,1892177,786,CVE-2026-40346
ozks,110983,46,CVE-2026-35582
ozks,633629,264,CVE-2026-40490
ozks,9693492,4098,CVE-2026-2505
ozks,417784,176,CVE-2026-41242
ozks,31733,13,CVE-2026-6594
ozks,4566,2,CVE-2026-33557
ozks,136291,57,CVE-2026-33558
ozks,424253,178,CVE-2026-3519
ozks,61840,26,CVE-2026-41245
ozks,33223,14,CVE-2026-32604
ozks,445808,185,CVE-2026-32613
ozks,33188,14,CVE-2026-35570
ozks,162986,69,CVE-2026-40045
ozks,148685,63,CVE-2026-41294
ozks,162986,69,CVE-2026-41295
ozks,153570,65,CVE-2026-41296
ozks,153570,65,CVE-2026-41297
ozks,162986,69,CVE-2026-41298
ozks,148685,63,CVE-2026-41299
ozks,153570,65,CVE-2026-41300
ozks,26164,11,CVE-2026-41301
ozks,153570,65,CVE-2026-41302
ozks,148685,63,CVE-2026-41303
ozks,153570,65,CVE-2026-41329
ozks,153570,65,CVE-2026-41330
ozks,153570,65,CVE-2026-41331
ozks,455279,191,CVE-2026-39320
ozks,812217,340,CVE-2026-39861
ozks,4728,2,CVE-2026-39973
ozks,121489,50,CVE-2025-1241
ozks,122873,52,CVE-2026-3298
ozks,286084,119,CVE-2026-25542
ozks,51732,21,CVE-2026-40161
ozks,68884,29,CVE-2026-40574
ozks,255370,107,CVE-2026-40611
ozks,62320,26,CVE-2026-22751
ozks,692626,288,CVE-2026-40868
ozks,127764,53,CVE-2026-40876
ozks,988495,414,CVE-2026-40879
ozks,138790,58,CVE-2026-40880
ozks,136293,57,CVE-2026-40881
ozks,4756,2,CVE-2026-40883
ozks,127764,53,CVE-2026-40884
ozks,4756,2,CVE-2026-40885
ozks,816580,341,CVE-2026-40887
ozks,93464,40,CVE-2026-40910
ozks,566757,236,CVE-2026-40923
ozks,566757,236,CVE-2026-40924
ozks,58572,24,CVE-2026-40938
ozks,67715,29,CVE-2026-40931
ozks,491218,206,CVE-2026-40933
ozks,125601,51,CVE-2026-40939
ozks,61363,25,CVE-2026-40942
ozks,128018,53,CVE-2026-40943
ozks,128018,53,CVE-2026-40944
ozks,128018,53,CVE-2026-40945
ozks,128018,53,CVE-2026-40946
ozks,37424,16,CVE-2026-40343
ozks,45456,19,CVE-2026-40575
ozks,45456,19,CVE-2026-41059
ozks,257061,107,CVE-2026-41131
ozks,45651,19,CVE-2026-41135
ozks,47572,20,CVE-2026-41136
ozks,844268,355,CVE-2026-2714
ozks,1177041,492,CVE-2026-4088
ozks,90197,38,CVE-2026-4119
ozks,289873,120,CVE-2026-4121
ozks,1695425,709,CVE-2026-4126
ozks,307140,130,CVE-2026-4133
ozks,118513,50,CVE-2026-4142
ozks,535245,224,CVE-2026-32885
ozks,7317,3,CVE-2026-33471
ozks,7675,3,CVE-2026-34064
ozks,6628,3,CVE-2026-34065
ozks,7156,3,CVE-2026-34066
ozks,6983,3,CVE-2026-34067
ozks,6983,3,CVE-2026-34068
ozks,111468,47,CVE-2026-40882
ozks,4868,2,CVE-2026-40937
ozks,113930,48,CVE-2026-41166
ozks,177581,74,CVE-2026-41176
ozks,173029,72,CVE-2026-41179
ozks,31166,13,CVE-2026-41180
ozks,90197,38,CVE-2026-41197
ozks,436466,183,CVE-2026-41208
ozks,244130,101,CVE-2026-41211
ozks,52250,22,CVE-2026-3361
ozks,73582,31,CVE-2026-41238
ozks,229971,97,CVE-2026-41239
ozks,323215,136,CVE-2026-41240
ozks,80622,34,CVE-2026-40886
ozks,45743,19,CVE-2026-41213
ozks,217147,90,CVE-2026-41246
ozks,491218,206,CVE-2026-41137
ozks,491218,206,CVE-2026-41138
ozks,491218,206,CVE-2026-41264
ozks,491218,206,CVE-2026-41265
ozks,237663,99,CVE-2026-41266
ozks,237663,99,CVE-2026-41267
ozks,491218,206,CVE-2026-41268
ozks,237663,99,CVE-2026-41269
ozks,491218,206,CVE-2026-41271
ozks,491218,206,CVE-2026-41272
ozks,237663,99,CVE-2026-41273
ozks,237663,99,CVE-2026-41275
ozks,237663,99,CVE-2026-41276
ozks,237663,99,CVE-2026-41277
ozks,237663,99,CVE-2026-41278
ozks,237663,99,CVE-2026-41279
ozks,491218,206,CVE-2026-41274
ozks,77682,33,CVE-2026-29050
ozks,77682,33,CVE-2026-29051
ozks,781269,323,CVE-2026-33318
ozks,647711,273,CVE-2026-41305
ozks,699817,291,CVE-2026-41068
ozks,692626,288,CVE-2026-41323
ozks,277491,116,CVE-2026-41324
ozks,124587,52,CVE-2026-41485
ozks,590704,250,CVE-2026-3565
ozks,64486,27,CVE-2026-40897
ozks,3127043,1312,CVE-2026-41067
ozks,597283,249,CVE-2026-41321
ozks,377096,158,CVE-2026-41322
ozks,180396,78,CVE-2026-41676
ozks,238470,103,CVE-2026-41677
ozks,125438,54,CVE-2026-41678
ozks,90291,39,CVE-2026-41681
ozks,46380,19,CVE-2026-33524
ozks,399103,167,CVE-2026-41327
ozks,399103,167,CVE-2026-41328
ozks,399103,167,CVE-2026-41492
