ozks,0.0018817090,6,CVE-2026-2265
ozks,0.1692900000,2168,CVE-2026-33949
ozks,0.0057637920,56,CVE-2026-33990
ozks,0.1665982080,2168,CVE-2026-34603
ozks,0.1627085000,2167,CVE-2026-34604
ozks,0.0302006670,401,CVE-2026-34076
ozks,0.2200033750,2925,CVE-2026-34751
ozks,0.0334038750,438,CVE-2026-5199
ozks,0.1288810840,1716,CVE-2026-34746
ozks,0.1290295830,1716,CVE-2026-34747
ozks,0.0902779580,1197,CVE-2026-34748
ozks,0.1293909580,1716,CVE-2026-34749
ozks,0.2796853750,3710,CVE-2026-34750
ozks,0.0110168340,140,CVE-2026-34528
ozks,0.0109835000,140,CVE-2026-34529
ozks,0.0109927910,140,CVE-2026-34530
ozks,0.0009012090,4,CVE-2026-5323
ozks,0.0050009160,47,CVE-2026-5327
ozks,0.0110213330,139,CVE-2026-3872
ozks,0.0109879170,139,CVE-2026-4282
ozks,0.0109601250,139,CVE-2026-4325
ozks,0.0110107090,139,CVE-2026-4634
ozks,0.0121002910,139,CVE-2026-4636
ozks,0.0019849170,13,CVE-2026-33544
ozks,0.0143383750,189,CVE-2026-33950
ozks,0.0146528750,188,CVE-2026-33951
ozks,0.0020153750,15,CVE-2026-34083
ozks,0.0144442090,190,CVE-2026-35038
ozks,0.0074872080,83,CVE-2026-34522
ozks,0.0074048750,83,CVE-2026-34523
ozks,0.0074377500,83,CVE-2026-34524
ozks,0.0074357080,83,CVE-2026-34526
ozks,0.0067301250,71,CVE-2026-34601
ozks,0.0021826250,16,CVE-2026-34725
ozks,0.0059752910,69,CVE-2026-34425
ozks,0.0050239580,55,CVE-2026-34426
ozks,0.0009037080,4,CVE-2026-34581
ozks,0.0026285420,19,CVE-2026-34742
ozks,0.0091625840,110,CVE-2026-34752
ozks,0.0043740420,37,CVE-2026-34761
ozks,0.0040651670,37,CVE-2026-34762
ozks,0.0585061660,778,CVE-2026-34825
ozks,0.1002912080,1335,CVE-2026-5467
ozks,0.0094299580,112,CVE-2026-25773
ozks,0.0092977080,112,CVE-2026-28736
ozks,0.1006706670,1335,CVE-2026-5468
ozks,0.1003660000,1335,CVE-2026-5469
ozks,0.2368601250,3110,CVE-2026-25044
ozks,0.1876519580,2505,CVE-2026-31818
ozks,0.2344690830,3110,CVE-2026-35214
ozks,0.2332595830,3110,CVE-2026-35216
ozks,0.0060405830,69,CVE-2026-34511
ozks,0.1249937920,1637,CVE-2026-34766
ozks,0.1268634580,1648,CVE-2026-34767
ozks,0.1230010410,1639,CVE-2026-34768
ozks,0.1252030000,1637,CVE-2026-34769
ozks,0.1237069580,1639,CVE-2026-34770
ozks,0.1237886660,1637,CVE-2026-34771
ozks,0.1238117080,1636,CVE-2026-34772
ozks,0.1242739170,1641,CVE-2026-34773
ozks,0.1239886250,1640,CVE-2026-34774
ozks,0.1249328750,1647,CVE-2026-34775
ozks,0.1256400830,1641,CVE-2026-34776
ozks,0.1245855840,1641,CVE-2026-34777
ozks,0.1246955830,1641,CVE-2026-34778
ozks,0.1243897080,1639,CVE-2026-34779
ozks,0.0061747500,71,CVE-2026-34780
ozks,0.0037579580,31,CVE-2026-2826
ozks,0.0007652080,4,CVE-2026-5602
ozks,0.0006954590,3,CVE-2026-5603
ozks,0.0109910840,140,CVE-2026-37977
ozks,0.0058328750,59,CVE-2026-33540
ozks,0.0832439170,1109,CVE-2026-34148
ozks,0.0066931250,72,CVE-2026-34208
ozks,0.0068269170,72,CVE-2026-34211
ozks,0.0056358750,72,CVE-2026-34217
ozks,0.0253988330,336,CVE-2026-34764
ozks,0.0048575830,45,CVE-2026-34940
ozks,0.0058924590,61,CVE-2026-34950
ozks,0.0092673340,110,CVE-2026-34841
ozks,0.0113843330,145,CVE-2026-34976
ozks,0.0053094160,50,CVE-2026-34986
ozks,0.0083961660,96,CVE-2026-34992
ozks,0.0040111250,33,CVE-2026-35036
ozks,0.0037058750,33,CVE-2026-35037
ozks,0.0059492500,61,CVE-2026-35039
ozks,0.0059650420,61,CVE-2026-35042
ozks,0.0202314160,268,CVE-2026-35166
ozks,0.0033854580,28,CVE-2026-35209
ozks,0.0035265830,31,CVE-2026-33817
ozks,0.0057301250,59,CVE-2026-35172
ozks,0.0551227080,732,CVE-2026-35200
ozks,0.0043509160,39,CVE-2026-34972
ozks,0.0010954580,6,CVE-2026-35213
ozks,0.0049473750,47,CVE-2026-35392
ozks,0.0048174170,47,CVE-2026-35393
ozks,0.0048748750,46,CVE-2026-35394
ozks,0.0245949580,326,CVE-2026-35408
ozks,0.0245190410,324,CVE-2026-35409
ozks,0.0245621250,325,CVE-2026-35410
ozks,0.0244457090,325,CVE-2026-35411
ozks,0.0244572500,325,CVE-2026-35412
ozks,0.0244656660,325,CVE-2026-35413
ozks,0.0245958340,326,CVE-2026-35441
ozks,0.0246186670,326,CVE-2026-35442
ozks,0.0008197500,5,CVE-2026-35454
ozks,0.0048710000,47,CVE-2026-35471
ozks,0.0279664160,371,CVE-2026-33227
ozks,0.0144838750,191,CVE-2026-34197
ozks,0.0040775410,35,CVE-2026-35554
ozks,0.0028161670,21,CVE-2026-35405
ozks,0.0027432080,21,CVE-2026-35457
ozks,0.0054964170,54,CVE-2026-35458
ozks,0.0032445830,26,CVE-2026-35480
ozks,0.0025710000,19,CVE-2026-4740
ozks,0.0044376670,39,CVE-2026-33816
ozks,0.0327160840,434,CVE-2026-35515
ozks,0.0045974580,42,CVE-2026-35571
ozks,0.0017947920,12,CVE-2026-27314
ozks,0.0026476670,20,CVE-2026-27315
ozks,0.0038305420,38,CVE-2026-32588
ozks,0.0044763750,42,CVE-2026-35580
ozks,0.0046322920,42,CVE-2026-35581
ozks,0.0046275830,42,CVE-2026-35583
ozks,0.0112565000,143,CVE-2026-35585
ozks,0.0111912920,142,CVE-2026-35604
ozks,0.0110910420,142,CVE-2026-35605
ozks,0.0110640830,142,CVE-2026-35606
ozks,0.0110860420,142,CVE-2026-35607
ozks,0.0003458330,1,CVE-2026-35613
ozks,0.0557506250,739,CVE-2026-39321
ozks,0.0004426670,2,CVE-2026-39360
ozks,0.0005271250,2,CVE-2026-5736
ozks,0.0003215000,1,CVE-2025-56015
ozks,0.0821304580,1085,CVE-2026-39356
ozks,0.0067820840,89,CVE-2026-39363
ozks,0.0025854580,29,CVE-2026-39364
ozks,0.0524317080,698,CVE-2026-39365
ozks,0.0036427910,33,CVE-2026-39371
ozks,0.0271796250,360,CVE-2026-39381
ozks,0.0043713330,39,CVE-2026-39395
ozks,0.0225388750,298,CVE-2026-3566
ozks,0.0005033330,2,CVE-2026-5739
ozks,0.0010277500,5,CVE-2026-29181
ozks,0.0042559160,38,CVE-2026-33439
ozks,0.0028325840,32,CVE-2026-35533
ozks,0.0036237920,29,CVE-2026-39397
ozks,0.1251781660,1658,CVE-2026-34765
ozks,0.1244489580,1658,CVE-2026-34781
ozks,0.0005989580,3,CVE-2026-35406
ozks,0.0018500000,12,CVE-2026-35568
ozks,0.0196683340,261,CVE-2026-3357
ozks,0.0083335000,96,CVE-2026-3499
ozks,0.6288841660,8209,CVE-2026-3477
ozks,0.0040438330,36,CVE-2026-2481
ozks,0.0141380000,186,CVE-2026-5795
ozks,0.0073704170,81,CVE-2026-39406
ozks,0.0314995000,418,CVE-2026-39407
ozks,0.0123995000,163,CVE-2026-39408
ozks,0.0315716250,418,CVE-2026-39409
ozks,0.0315844590,418,CVE-2026-39410
ozks,0.0003840000,2,CVE-2026-39865
ozks,0.0035095000,28,CVE-2026-27806
ozks,0.0168265000,222,CVE-2026-34166
ozks,0.0042583340,43,CVE-2026-23869
ozks,0.0168097920,222,CVE-2026-35525
ozks,0.0322787920,429,CVE-2026-39411
ozks,0.0169467080,223,CVE-2026-39412
ozks,0.0169695000,224,CVE-2026-39859
ozks,0.0059190000,60,CVE-2026-39429
ozks,0.0106288750,133,CVE-2026-39882
ozks,0.0037231660,33,CVE-2026-39883
ozks,0.0089784580,106,CVE-2026-39885
ozks,0.0238448330,300,CVE-2026-39901
ozks,0.0067442080,73,CVE-2026-40037
ozks,0.0085541670,107,CVE-2026-3199
ozks,0.0014529170,8,CVE-2026-5831
ozks,0.0005041670,2,CVE-2026-5832
ozks,0.0005159580,2,CVE-2026-5833
ozks,0.0109653750,139,CVE-2026-5842
ozks,0.0015464580,10,CVE-2025-62188
ozks,0.0045058330,42,CVE-2026-4660
ozks,0.0103401250,129,CVE-2025-62718
ozks,0.0027611250,22,CVE-2026-33005
ozks,0.0009559580,6,CVE-2026-33266
ozks,0.0035373750,30,CVE-2026-34020
ozks,0.0061138750,62,CVE-2026-35040
ozks,0.0017508750,10,CVE-2026-35041
ozks,0.0018161670,11,CVE-2026-35204
ozks,0.0017102500,11,CVE-2026-35205
ozks,0.0013776670,8,CVE-2026-39398
ozks,0.0246663340,326,CVE-2026-39942
ozks,0.0245690000,326,CVE-2026-39943
ozks,0.0087523750,99,CVE-2026-39972
ozks,0.0141970000,187,CVE-2026-39974
ozks,0.0047961670,45,CVE-2026-40046
ozks,0.0220036250,291,CVE-2026-39315
ozks,0.0012673750,8,CVE-2026-39961
ozks,0.0002580420,1,CVE-2026-39983
ozks,0.0138196250,178,CVE-2026-34941
ozks,0.0135577500,178,CVE-2026-34942
ozks,0.0135870830,178,CVE-2026-34943
ozks,0.0134725000,178,CVE-2026-34944
ozks,0.0054537090,56,CVE-2026-34945
ozks,0.0055477500,56,CVE-2026-34946
ozks,0.0041684590,41,CVE-2026-34971
ozks,0.0002214590,1,CVE-2026-34983
ozks,0.0055637500,56,CVE-2026-34987
ozks,0.0050334170,49,CVE-2026-34988
ozks,0.0054991250,56,CVE-2026-35186
ozks,0.0135081670,178,CVE-2026-35195
ozks,0.0582572080,774,CVE-2026-24880
ozks,0.0579771250,771,CVE-2026-25854
ozks,0.0015948330,9,CVE-2026-29129
ozks,0.0262685830,348,CVE-2026-29145
ozks,0.0292407920,382,CVE-2026-29146
ozks,0.0025678750,18,CVE-2026-32990
ozks,0.0372825830,495,CVE-2026-34483
ozks,0.0010950830,6,CVE-2026-34486
ozks,0.0422938330,561,CVE-2026-34487
ozks,0.0189530420,249,CVE-2026-34500
ozks,0.0068412920,72,CVE-2026-40077
ozks,0.0115175410,149,CVE-2026-35206
ozks,0.0006009170,3,CVE-2026-40093
ozks,0.0083003750,97,CVE-2026-40109
ozks,0.0056134580,63,CVE-2026-35617
ozks,0.0052314160,59,CVE-2026-35618
ozks,0.0050127090,55,CVE-2026-35622
ozks,0.0056530830,63,CVE-2026-35623
ozks,0.0050153330,55,CVE-2026-35624
ozks,0.0050685830,55,CVE-2026-35626
ozks,0.0050310840,55,CVE-2026-35627
ozks,0.0055868750,63,CVE-2026-35628
ozks,0.0057127920,64,CVE-2026-35629
ozks,0.0035363750,35,CVE-2026-35632
ozks,0.0050321670,55,CVE-2026-35633
ozks,0.0052775000,59,CVE-2026-35634
ozks,0.0050461670,55,CVE-2026-35635
ozks,0.0050317080,55,CVE-2026-35637
ozks,0.0049505000,55,CVE-2026-35639
ozks,0.0056673340,64,CVE-2026-35640
ozks,0.0055112910,63,CVE-2026-35645
ozks,0.0056073750,64,CVE-2026-35646
ozks,0.0029146250,22,CVE-2026-5986
ozks,0.0008996660,7,CVE-2026-6011
ozks,0.0002613750,1,CVE-2026-22750
ozks,0.0288802920,383,CVE-2026-39304
ozks,0.0445370000,591,CVE-2025-5804
ozks,0.0041557500,37,CVE-2026-34477
ozks,0.0025556250,17,CVE-2026-34478
ozks,0.0068677920,74,CVE-2026-34480
ozks,0.0034341250,28,CVE-2026-34481
ozks,0.0037445420,31,CVE-2026-34727
ozks,0.0034887500,31,CVE-2026-35594
ozks,0.0035749170,31,CVE-2026-35595
ozks,0.0035111670,31,CVE-2026-35596
ozks,0.0035547920,31,CVE-2026-35597
ozks,0.0035038330,31,CVE-2026-35598
ozks,0.0035117080,31,CVE-2026-35599
ozks,0.0035033750,31,CVE-2026-35600
ozks,0.0035008750,31,CVE-2026-35601
ozks,0.0034917080,31,CVE-2026-35602
ozks,0.0054217500,60,CVE-2026-35619
ozks,0.0055310000,62,CVE-2026-35620
ozks,0.0054145000,60,CVE-2026-35621
ozks,0.0001972080,1,CVE-2026-35641
ozks,0.0050578330,55,CVE-2026-35643
ozks,0.0056739590,63,CVE-2026-35647
ozks,0.0050277910,55,CVE-2026-35648
ozks,0.0050295840,55,CVE-2026-35649
ozks,0.0050627090,55,CVE-2026-35650
ozks,0.0040210420,41,CVE-2026-35651
ozks,0.0050422920,55,CVE-2026-35652
ozks,0.0055047090,62,CVE-2026-35653
ozks,0.0056355420,63,CVE-2026-35654
ozks,0.0050829580,55,CVE-2026-35655
ozks,0.0050485420,55,CVE-2026-35656
ozks,0.0056179170,63,CVE-2026-35657
ozks,0.0042552500,44,CVE-2026-35658
ozks,0.0050257910,55,CVE-2026-35659
ozks,0.0053357920,59,CVE-2026-35660
ozks,0.0055839590,63,CVE-2026-35661
ozks,0.0050272920,55,CVE-2026-35662
ozks,0.0056264170,63,CVE-2026-35663
ozks,0.0056220000,63,CVE-2026-35664
ozks,0.0055212500,62,CVE-2026-35665
ozks,0.0049648330,55,CVE-2026-35666
ozks,0.0056979170,62,CVE-2026-35667
ozks,0.0055085000,62,CVE-2026-35668
ozks,0.0055788330,63,CVE-2026-35669
ozks,0.0050370000,55,CVE-2026-35670
ozks,0.0706440420,939,CVE-2026-40073
ozks,0.0706302500,939,CVE-2026-40074
ozks,0.0052486250,51,CVE-2026-40097
ozks,0.0037108750,31,CVE-2026-40103
ozks,0.0452957910,601,CVE-2026-40163
ozks,0.0103197080,129,CVE-2026-40175
ozks,0.0081197910,92,CVE-2026-40180
ozks,0.0012840830,7,CVE-2026-40188
ozks,0.0048667920,47,CVE-2026-40189
ozks,0.0305302500,404,CVE-2026-40190
ozks,0.0014044170,9,CVE-2026-40242
ozks,0.0331273750,439,CVE-2026-5724
ozks,0.0222432920,293,CVE-2026-4150
ozks,0.0334398330,444,CVE-2026-4152
ozks,0.0097320420,125,CVE-2026-3358
ozks,0.0063090830,66,CVE-2026-6125
ozks,0.0026216670,21,CVE-2026-35337
ozks,0.0027828330,21,CVE-2026-35565
ozks,0.0004474580,2,CVE-2026-34476
ozks,0.0199688750,264,CVE-2026-28291
ozks,0.0172727920,228,CVE-2026-6216
ozks,0.0006024580,3,CVE-2026-34069
ozks,0.0105281670,132,CVE-2026-34984
ozks,0.0028086250,21,CVE-2026-33929
ozks,0.0066137080,70,CVE-2025-13822
ozks,0.0081580830,94,CVE-2026-2332
ozks,0.0044005830,50,CVE-2025-61260
ozks,0.0108689580,138,CVE-2026-37980
ozks,0.0022894590,15,CVE-2026-2401
ozks,0.1281856250,1708,CVE-2026-2405
ozks,0.0061488750,64,CVE-2026-33414
ozks,0.0014480000,9,CVE-2026-34454
ozks,0.0038994590,33,CVE-2026-34457
ozks,0.0020854160,17,CVE-2026-33806
ozks,0.0049341250,47,CVE-2026-39842
ozks,0.0066010000,69,CVE-2026-39884
ozks,0.0011103750,6,CVE-2026-39984
ozks,0.0106477500,134,CVE-2026-40090
ozks,0.0009181670,5,CVE-2026-40091
ozks,0.0039031250,33,CVE-2026-0636
ozks,0.0024134170,16,CVE-2026-33807
ozks,0.0022999590,16,CVE-2026-33808
ozks,0.0097810830,119,CVE-2026-5588
ozks,0.0047667500,43,CVE-2026-5598
ozks,0.0006012910,3,CVE-2026-30778
ozks,0.0070660410,76,CVE-2026-33805
ozks,0.0027527910,21,CVE-2026-5758
ozks,0.0072297920,78,CVE-2026-6290
ozks,0.0249745000,330,CVE-2026-6383
ozks,0.0112975830,145,CVE-2025-41118
ozks,0.0041610420,37,CVE-2026-21726
ozks,0.0843746660,1123,CVE-2026-33877
ozks,0.0844597080,1123,CVE-2026-33888
ozks,0.0843151660,1123,CVE-2026-33889
ozks,0.0843787080,1122,CVE-2026-35569
ozks,0.0843139580,1122,CVE-2026-39857
ozks,0.0125715830,165,CVE-2026-40173
ozks,0.0002550830,1,CVE-2026-40186
ozks,0.0106862500,134,CVE-2026-40179
ozks,0.0038392090,31,CVE-2026-40193
ozks,0.0024140420,16,CVE-2026-40245
ozks,0.0024411670,18,CVE-2026-3299
ozks,0.0328199580,434,CVE-2026-3551
ozks,0.0016902090,11,CVE-2026-6414
ozks,0.0025572090,17,CVE-2026-6270
ozks,0.0016835000,11,CVE-2026-6410
ozks,0.0299677920,396,CVE-2026-2840
ozks,0.0022920000,17,CVE-2026-33804
ozks,0.0827009580,1099,CVE-2026-3324
ozks,0.0005214160,3,CVE-2026-34164
ozks,0.0009392920,5,CVE-2026-35469
ozks,0.0114112920,146,CVE-2026-39313
ozks,0.0021517080,16,CVE-2026-40246
ozks,0.0021682080,16,CVE-2026-40247
ozks,0.0021622920,16,CVE-2026-40248
ozks,0.0021627080,16,CVE-2026-40249
ozks,0.0328903340,436,CVE-2026-40255
ozks,0.0179881250,238,CVE-2026-3605
ozks,0.0173517500,230,CVE-2026-4525
ozks,0.0059373750,61,CVE-2026-5052
ozks,0.0218380840,289,CVE-2026-5807
ozks,0.0112623750,143,CVE-2026-40458
ozks,0.0052189580,50,CVE-2026-6437
ozks,0.0264572920,350,CVE-2026-35603
ozks,0.0016928750,13,CVE-2026-40155
ozks,0.0087815420,100,CVE-2026-40293
ozks,0.0345891660,459,CVE-2026-40299
ozks,0.0106712080,134,CVE-2026-40302
ozks,0.0106614170,134,CVE-2026-40303
ozks,0.0106125830,134,CVE-2026-40304
ozks,0.0045891660,42,CVE-2026-40477
ozks,0.0046878330,42,CVE-2026-40478
ozks,0.0228653330,301,CVE-2026-40481
ozks,0.0591172500,786,CVE-2026-40346
ozks,0.0048386250,46,CVE-2026-35582
ozks,0.0199326660,264,CVE-2026-40490
ozks,0.3074749160,4098,CVE-2026-2505
ozks,0.0133302090,176,CVE-2026-41242
ozks,0.0019664580,13,CVE-2026-6594
ozks,0.0004386670,2,CVE-2026-33557
ozks,0.0057835840,57,CVE-2026-33558
ozks,0.0135375410,178,CVE-2026-3519
ozks,0.0031565420,26,CVE-2026-41245
ozks,0.0019761670,14,CVE-2026-32604
ozks,0.0140435000,185,CVE-2026-32613
ozks,0.0021364170,14,CVE-2026-35570
ozks,0.0059679170,69,CVE-2026-40045
ozks,0.0056219580,63,CVE-2026-41294
ozks,0.0060032080,69,CVE-2026-41295
ozks,0.0057374580,65,CVE-2026-41296
ozks,0.0057482910,65,CVE-2026-41297
ozks,0.0059991670,69,CVE-2026-41298
ozks,0.0056663750,63,CVE-2026-41299
ozks,0.0057554160,65,CVE-2026-41300
ozks,0.0013102500,11,CVE-2026-41301
ozks,0.0056898330,65,CVE-2026-41302
ozks,0.0057801670,63,CVE-2026-41303
ozks,0.0056702080,65,CVE-2026-41329
ozks,0.0056442080,65,CVE-2026-41330
ozks,0.0057013750,65,CVE-2026-41331
ozks,0.0144693330,191,CVE-2026-39320
ozks,0.0257334170,340,CVE-2026-39861
ozks,0.0004336250,2,CVE-2026-39973
ozks,0.0052405420,50,CVE-2025-1241
ozks,0.0048440000,52,CVE-2026-3298
ozks,0.0098330410,119,CVE-2026-25542
ozks,0.0025815420,21,CVE-2026-40161
ozks,0.0035442080,29,CVE-2026-40574
ozks,0.0089140410,107,CVE-2026-40611
ozks,0.0027657080,26,CVE-2026-22751
ozks,0.0217486250,288,CVE-2026-40868
ozks,0.0052900420,53,CVE-2026-40876
ozks,0.0313637500,414,CVE-2026-40879
ozks,0.0058955420,58,CVE-2026-40880
ozks,0.0056535830,57,CVE-2026-40881
ozks,0.0003847500,2,CVE-2026-40883
ozks,0.0053805000,53,CVE-2026-40884
ozks,0.0003777090,2,CVE-2026-40885
ozks,0.0257993340,341,CVE-2026-40887
ozks,0.0044751670,40,CVE-2026-40910
ozks,0.0179368750,236,CVE-2026-40923
ozks,0.0180719590,236,CVE-2026-40924
ozks,0.0029326660,24,CVE-2026-40938
ozks,0.0035346660,29,CVE-2026-40931
ozks,0.0156213340,206,CVE-2026-40933
ozks,0.0052786660,51,CVE-2026-40939
ozks,0.0032510840,25,CVE-2026-40942
ozks,0.0054318750,53,CVE-2026-40943
ozks,0.0053200420,53,CVE-2026-40944
ozks,0.0053495830,53,CVE-2026-40945
ozks,0.0053036250,53,CVE-2026-40946
ozks,0.0021762920,16,CVE-2026-40343
ozks,0.0024395830,19,CVE-2026-40575
ozks,0.0025406250,19,CVE-2026-41059
ozks,0.0089665830,107,CVE-2026-41131
ozks,0.0025411670,19,CVE-2026-41135
ozks,0.0026921670,20,CVE-2026-41136
ozks,0.0267094580,355,CVE-2026-2714
ozks,0.0370225830,492,CVE-2026-4088
ozks,0.0042534590,38,CVE-2026-4119
ozks,0.0100089170,120,CVE-2026-4121
ozks,0.0532743750,709,CVE-2026-4126
ozks,0.0099757920,130,CVE-2026-4133
ozks,0.0052759580,50,CVE-2026-4142
ozks,0.0169756660,224,CVE-2026-32885
ozks,0.0007029590,3,CVE-2026-33471
ozks,0.0005923340,3,CVE-2026-34064
ozks,0.0006994160,3,CVE-2026-34065
ozks,0.0005234160,3,CVE-2026-34066
ozks,0.0006072920,3,CVE-2026-34067
ozks,0.0005905000,3,CVE-2026-34068
ozks,0.0049272910,47,CVE-2026-40882
ozks,0.0005034580,2,CVE-2026-40937
ozks,0.0050268750,48,CVE-2026-41166
ozks,0.0068916670,74,CVE-2026-41176
ozks,0.0066322500,72,CVE-2026-41179
ozks,0.0019708330,13,CVE-2026-41180
ozks,0.0042435420,38,CVE-2026-41197
ozks,0.0139606670,183,CVE-2026-41208
ozks,0.0085090420,101,CVE-2026-41211
ozks,0.0028709170,22,CVE-2026-3361
ozks,0.0035408330,31,CVE-2026-41238
ozks,0.0082850000,97,CVE-2026-41239
ozks,0.0107822500,136,CVE-2026-41240
ozks,0.0039046250,34,CVE-2026-40886
ozks,0.0027107080,19,CVE-2026-41213
ozks,0.0080159590,90,CVE-2026-41246
ozks,0.0156222080,206,CVE-2026-41137
ozks,0.0155993750,206,CVE-2026-41138
ozks,0.0157794580,206,CVE-2026-41264
ozks,0.0172269170,206,CVE-2026-41265
ozks,0.0084866250,99,CVE-2026-41266
ozks,0.0084154170,99,CVE-2026-41267
ozks,0.0156003750,206,CVE-2026-41268
ozks,0.0084134160,99,CVE-2026-41269
ozks,0.0155964170,206,CVE-2026-41271
ozks,0.0156278330,206,CVE-2026-41272
ozks,0.0084907910,99,CVE-2026-41273
ozks,0.0085462080,99,CVE-2026-41275
ozks,0.0084874170,99,CVE-2026-41276
ozks,0.0084930410,99,CVE-2026-41277
ozks,0.0084598750,99,CVE-2026-41278
ozks,0.0085172500,99,CVE-2026-41279
ozks,0.0156131250,206,CVE-2026-41274
ozks,0.0039347500,33,CVE-2026-29050
ozks,0.0037063340,33,CVE-2026-29051
ozks,0.0243278330,323,CVE-2026-33318
ozks,0.0206170830,273,CVE-2026-41305
ozks,0.0220833750,291,CVE-2026-41068
ozks,0.0218133330,288,CVE-2026-41323
ozks,0.0094897500,116,CVE-2026-41324
ozks,0.0053343340,52,CVE-2026-41485
ozks,0.0188471670,250,CVE-2026-3565
ozks,0.0027658330,27,CVE-2026-40897
ozks,0.0985528330,1312,CVE-2026-41067
ozks,0.0188226660,249,CVE-2026-41321
ozks,0.0121579580,158,CVE-2026-41322
ozks,0.0071317080,78,CVE-2026-41676
ozks,0.0086976250,103,CVE-2026-41677
ozks,0.0053043750,54,CVE-2026-41678
ozks,0.0043344160,39,CVE-2026-41681
ozks,0.0027382500,19,CVE-2026-33524
ozks,0.0127826250,167,CVE-2026-41327
ozks,0.0127219580,167,CVE-2026-41328
ozks,0.0126865830,167,CVE-2026-41492
ozks,0.0011093330,6,CVE-2026-2265
ozks,0.1631155000,2168,CVE-2026-33949
ozks,0.0056024590,56,CVE-2026-33990
ozks,0.1633606670,2168,CVE-2026-34603
ozks,0.1630400420,2167,CVE-2026-34604
ozks,0.0302369170,401,CVE-2026-34076
ozks,0.2187205420,2925,CVE-2026-34751
ozks,0.0329634590,438,CVE-2026-5199
ozks,0.1288383330,1716,CVE-2026-34746
ozks,0.1293753750,1716,CVE-2026-34747
ozks,0.0913656250,1197,CVE-2026-34748
ozks,0.1302992080,1716,CVE-2026-34749
ozks,0.2794592920,3710,CVE-2026-34750
ozks,0.0111090830,140,CVE-2026-34528
ozks,0.0110271250,140,CVE-2026-34529
ozks,0.0110057080,140,CVE-2026-34530
ozks,0.0007676660,4,CVE-2026-5323
ozks,0.0050121670,47,CVE-2026-5327
ozks,0.0109957920,139,CVE-2026-3872
ozks,0.0109882910,139,CVE-2026-4282
ozks,0.0110072500,139,CVE-2026-4325
ozks,0.0109514580,139,CVE-2026-4634
ozks,0.0109447500,139,CVE-2026-4636
ozks,0.0021545000,13,CVE-2026-33544
ozks,0.0143176250,189,CVE-2026-33950
ozks,0.0146850420,188,CVE-2026-33951
ozks,0.0020598750,15,CVE-2026-34083
ozks,0.0144160840,190,CVE-2026-35038
ozks,0.0074995830,83,CVE-2026-34522
ozks,0.0074013340,83,CVE-2026-34523
ozks,0.0074015000,83,CVE-2026-34524
ozks,0.0074125830,83,CVE-2026-34526
ozks,0.0068292080,71,CVE-2026-34601
ozks,0.0020608750,16,CVE-2026-34725
ozks,0.0059567500,69,CVE-2026-34425
ozks,0.0049731670,55,CVE-2026-34426
ozks,0.0007765420,4,CVE-2026-34581
ozks,0.0028375420,19,CVE-2026-34742
ozks,0.0091343750,110,CVE-2026-34752
ozks,0.0042518340,37,CVE-2026-34761
ozks,0.0040810420,37,CVE-2026-34762
ozks,0.0586467920,778,CVE-2026-34825
ozks,0.1005182920,1335,CVE-2026-5467
ozks,0.0092987920,112,CVE-2026-25773
ozks,0.0091854160,112,CVE-2026-28736
ozks,0.1006875420,1335,CVE-2026-5468
ozks,0.1014656670,1335,CVE-2026-5469
ozks,0.2348235830,3110,CVE-2026-25044
ozks,0.1875337500,2505,CVE-2026-31818
ozks,0.2363807080,3110,CVE-2026-35214
ozks,0.2378406670,3110,CVE-2026-35216
ozks,0.0059813330,69,CVE-2026-34511
ozks,0.1229550830,1637,CVE-2026-34766
ozks,0.1236703340,1648,CVE-2026-34767
ozks,0.1231410840,1639,CVE-2026-34768
ozks,0.1247775000,1637,CVE-2026-34769
ozks,0.1228552090,1639,CVE-2026-34770
ozks,0.1242902920,1637,CVE-2026-34771
ozks,0.1250671670,1636,CVE-2026-34772
ozks,0.1263724170,1641,CVE-2026-34773
ozks,0.1233077500,1640,CVE-2026-34774
ozks,0.1239238330,1647,CVE-2026-34775
ozks,0.1239843340,1641,CVE-2026-34776
ozks,0.1240915420,1641,CVE-2026-34777
ozks,0.1246336670,1641,CVE-2026-34778
ozks,0.1242120830,1639,CVE-2026-34779
ozks,0.0061119590,71,CVE-2026-34780
ozks,0.0037775000,31,CVE-2026-2826
ozks,0.0007600830,4,CVE-2026-5602
ozks,0.0006974590,3,CVE-2026-5603
ozks,0.0110747080,140,CVE-2026-37977
ozks,0.0058174170,59,CVE-2026-33540
ozks,0.0833759590,1109,CVE-2026-34148
ozks,0.0069142920,72,CVE-2026-34208
ozks,0.0068089160,72,CVE-2026-34211
ozks,0.0068695840,72,CVE-2026-34217
ozks,0.0254718750,336,CVE-2026-34764
ozks,0.0047965000,45,CVE-2026-34940
ozks,0.0059783330,61,CVE-2026-34950
ozks,0.0092566670,110,CVE-2026-34841
ozks,0.0114063340,145,CVE-2026-34976
ozks,0.0052550000,50,CVE-2026-34986
ozks,0.0082814170,96,CVE-2026-34992
ozks,0.0039774590,33,CVE-2026-35036
ozks,0.0038156250,33,CVE-2026-35037
ozks,0.0059529580,61,CVE-2026-35039
ozks,0.0060005840,61,CVE-2026-35042
ozks,0.0202771670,268,CVE-2026-35166
ozks,0.0034056660,28,CVE-2026-35209
ozks,0.0037612910,31,CVE-2026-33817
ozks,0.0059612500,59,CVE-2026-35172
ozks,0.0549503330,732,CVE-2026-35200
ozks,0.0043435420,39,CVE-2026-34972
ozks,0.0010842920,6,CVE-2026-35213
ozks,0.0048571250,47,CVE-2026-35392
ozks,0.0048991670,47,CVE-2026-35393
ozks,0.0049244170,46,CVE-2026-35394
ozks,0.0260095000,326,CVE-2026-35408
ozks,0.0244825000,324,CVE-2026-35409
ozks,0.0245625410,325,CVE-2026-35410
ozks,0.0245347910,325,CVE-2026-35411
ozks,0.0246249590,325,CVE-2026-35412
ozks,0.0245478750,325,CVE-2026-35413
ozks,0.0245792500,326,CVE-2026-35441
ozks,0.0245572500,326,CVE-2026-35442
ozks,0.0009366670,5,CVE-2026-35454
ozks,0.0048712920,47,CVE-2026-35471
ozks,0.0279862080,371,CVE-2026-33227
ozks,0.0145388750,191,CVE-2026-34197
ozks,0.0039245000,35,CVE-2026-35554
ozks,0.0027827090,21,CVE-2026-35405
ozks,0.0027782500,21,CVE-2026-35457
ozks,0.0054924170,54,CVE-2026-35458
ozks,0.0032307500,26,CVE-2026-35480
ozks,0.0025671670,19,CVE-2026-4740
ozks,0.0043760830,39,CVE-2026-33816
ozks,0.0327280830,434,CVE-2026-35515
ozks,0.0045045420,42,CVE-2026-35571
ozks,0.0017458330,12,CVE-2026-27314
ozks,0.0026648750,20,CVE-2026-27315
ozks,0.0043270000,38,CVE-2026-32588
ozks,0.0044687910,42,CVE-2026-35580
ozks,0.0045981250,42,CVE-2026-35581
ozks,0.0045057500,42,CVE-2026-35583
ozks,0.0112397500,143,CVE-2026-35585
ozks,0.0109773330,142,CVE-2026-35604
ozks,0.0110701250,142,CVE-2026-35605
ozks,0.0110352920,142,CVE-2026-35606
ozks,0.0112243330,142,CVE-2026-35607
ozks,0.0003062910,1,CVE-2026-35613
ozks,0.0556151250,739,CVE-2026-39321
ozks,0.0004419590,2,CVE-2026-39360
ozks,0.0004412910,2,CVE-2026-5736
ozks,0.0003157080,1,CVE-2025-56015
ozks,0.0815538330,1085,CVE-2026-39356
ozks,0.0069342500,89,CVE-2026-39363
ozks,0.0025726250,29,CVE-2026-39364
ozks,0.0524345830,698,CVE-2026-39365
ozks,0.0036879580,33,CVE-2026-39371
ozks,0.0273872080,360,CVE-2026-39381
ozks,0.0044090830,39,CVE-2026-39395
ozks,0.0224647080,298,CVE-2026-3566
ozks,0.0004393340,2,CVE-2026-5739
ozks,0.0008337080,5,CVE-2026-29181
ozks,0.0042750840,38,CVE-2026-33439
ozks,0.0028986250,32,CVE-2026-35533
ozks,0.0036063750,29,CVE-2026-39397
ozks,0.1243657080,1658,CVE-2026-34765
ozks,0.1245524170,1658,CVE-2026-34781
ozks,0.0007147500,3,CVE-2026-35406
ozks,0.0018074580,12,CVE-2026-35568
ozks,0.0196514170,261,CVE-2026-3357
ozks,0.0084488750,96,CVE-2026-3499
ozks,0.6238477910,8209,CVE-2026-3477
ozks,0.0040236670,36,CVE-2026-2481
ozks,0.0141219580,186,CVE-2026-5795
ozks,0.0074411670,81,CVE-2026-39406
ozks,0.0315111670,418,CVE-2026-39407
ozks,0.0124140420,163,CVE-2026-39408
ozks,0.0315498750,418,CVE-2026-39409
ozks,0.0315629590,418,CVE-2026-39410
ozks,0.0004396660,2,CVE-2026-39865
ozks,0.0036304580,28,CVE-2026-27806
ozks,0.0168208750,222,CVE-2026-34166
ozks,0.0044480420,43,CVE-2026-23869
ozks,0.0168224590,222,CVE-2026-35525
ozks,0.0326942910,429,CVE-2026-39411
ozks,0.0169183750,223,CVE-2026-39412
ozks,0.0170695410,224,CVE-2026-39859
ozks,0.0060244580,60,CVE-2026-39429
ozks,0.0106401250,133,CVE-2026-39882
ozks,0.0036660830,33,CVE-2026-39883
ozks,0.0089200000,106,CVE-2026-39885
ozks,0.0226447500,300,CVE-2026-39901
ozks,0.0062595840,73,CVE-2026-40037
ozks,0.0086434160,107,CVE-2026-3199
ozks,0.0014568750,8,CVE-2026-5831
ozks,0.0005936250,2,CVE-2026-5832
ozks,0.0005043330,2,CVE-2026-5833
ozks,0.0109455840,139,CVE-2026-5842
ozks,0.0015518330,10,CVE-2025-62188
ozks,0.0045307080,42,CVE-2026-4660
ozks,0.0103661670,129,CVE-2025-62718
ozks,0.0027476670,22,CVE-2026-33005
ozks,0.0009621250,6,CVE-2026-33266
ozks,0.0036472500,30,CVE-2026-34020
ozks,0.0060850830,62,CVE-2026-35040
ozks,0.0015461670,10,CVE-2026-35041
ozks,0.0019625830,11,CVE-2026-35204
ozks,0.0016829580,11,CVE-2026-35205
ozks,0.0014574590,8,CVE-2026-39398
ozks,0.0246209580,326,CVE-2026-39942
ozks,0.0246608340,326,CVE-2026-39943
ozks,0.0085439170,99,CVE-2026-39972
ozks,0.0141950420,187,CVE-2026-39974
ozks,0.0048347920,45,CVE-2026-40046
ozks,0.0219412500,291,CVE-2026-39315
ozks,0.0012802920,8,CVE-2026-39961
ozks,0.0002632080,1,CVE-2026-39983
ozks,0.0135400840,178,CVE-2026-34941
ozks,0.0135285840,178,CVE-2026-34942
ozks,0.0138660830,178,CVE-2026-34943
ozks,0.0135135000,178,CVE-2026-34944
ozks,0.0054708750,56,CVE-2026-34945
ozks,0.0053160840,56,CVE-2026-34946
ozks,0.0043149160,41,CVE-2026-34971
ozks,0.0002577500,1,CVE-2026-34983
ozks,0.0054370410,56,CVE-2026-34987
ozks,0.0049717090,49,CVE-2026-34988
ozks,0.0054219170,56,CVE-2026-35186
ozks,0.0135073750,178,CVE-2026-35195
ozks,0.0582137920,774,CVE-2026-24880
ozks,0.0580145420,771,CVE-2026-25854
ozks,0.0014140410,9,CVE-2026-29129
ozks,0.0263597090,348,CVE-2026-29145
ozks,0.0288607500,382,CVE-2026-29146
ozks,0.0024617080,18,CVE-2026-32990
ozks,0.0373116250,495,CVE-2026-34483
ozks,0.0010913750,6,CVE-2026-34486
ozks,0.0422398750,561,CVE-2026-34487
ozks,0.0188604580,249,CVE-2026-34500
ozks,0.0068000830,72,CVE-2026-40077
ozks,0.0116562090,149,CVE-2026-35206
ozks,0.0006032080,3,CVE-2026-40093
ozks,0.0083630000,97,CVE-2026-40109
ozks,0.0056345000,63,CVE-2026-35617
ozks,0.0054413750,59,CVE-2026-35618
ozks,0.0050353330,55,CVE-2026-35622
ozks,0.0056263340,63,CVE-2026-35623
ozks,0.0049493330,55,CVE-2026-35624
ozks,0.0050206660,55,CVE-2026-35626
ozks,0.0050636250,55,CVE-2026-35627
ozks,0.0056845840,63,CVE-2026-35628
ozks,0.0056619170,64,CVE-2026-35629
ozks,0.0035330000,35,CVE-2026-35632
ozks,0.0050428750,55,CVE-2026-35633
ozks,0.0053704170,59,CVE-2026-35634
ozks,0.0050223750,55,CVE-2026-35635
ozks,0.0050280410,55,CVE-2026-35637
ozks,0.0050381670,55,CVE-2026-35639
ozks,0.0056735000,64,CVE-2026-35640
ozks,0.0055275000,63,CVE-2026-35645
ozks,0.0057199170,64,CVE-2026-35646
ozks,0.0029504170,22,CVE-2026-5986
ozks,0.0008972920,7,CVE-2026-6011
ozks,0.0002590830,1,CVE-2026-22750
ozks,0.0289139170,383,CVE-2026-39304
ozks,0.0444409580,591,CVE-2025-5804
ozks,0.0042390410,37,CVE-2026-34477
ozks,0.0015456660,17,CVE-2026-34478
ozks,0.0069677080,74,CVE-2026-34480
ozks,0.0034339580,28,CVE-2026-34481
ozks,0.0037468330,31,CVE-2026-34727
ozks,0.0035317090,31,CVE-2026-35594
ozks,0.0034912920,31,CVE-2026-35595
ozks,0.0034990830,31,CVE-2026-35596
ozks,0.0035173340,31,CVE-2026-35597
ozks,0.0035262920,31,CVE-2026-35598
ozks,0.0035932920,31,CVE-2026-35599
ozks,0.0035995420,31,CVE-2026-35600
ozks,0.0035357920,31,CVE-2026-35601
ozks,0.0034955000,31,CVE-2026-35602
ozks,0.0054178750,60,CVE-2026-35619
ozks,0.0055529170,62,CVE-2026-35620
ozks,0.0053782090,60,CVE-2026-35621
ozks,0.0001904160,1,CVE-2026-35641
ozks,0.0049935000,55,CVE-2026-35643
ozks,0.0055374590,63,CVE-2026-35647
ozks,0.0050234170,55,CVE-2026-35648
ozks,0.0050474580,55,CVE-2026-35649
ozks,0.0050453330,55,CVE-2026-35650
ozks,0.0039178750,41,CVE-2026-35651
ozks,0.0050405830,55,CVE-2026-35652
ozks,0.0055667500,62,CVE-2026-35653
ozks,0.0055425410,63,CVE-2026-35654
ozks,0.0050315000,55,CVE-2026-35655
ozks,0.0050544580,55,CVE-2026-35656
ozks,0.0056929590,63,CVE-2026-35657
ozks,0.0042489170,44,CVE-2026-35658
ozks,0.0050366670,55,CVE-2026-35659
ozks,0.0052745410,59,CVE-2026-35660
ozks,0.0055433330,63,CVE-2026-35661
ozks,0.0051330410,55,CVE-2026-35662
ozks,0.0056409160,63,CVE-2026-35663
ozks,0.0054676660,63,CVE-2026-35664
ozks,0.0055277920,62,CVE-2026-35665
ozks,0.0050117500,55,CVE-2026-35666
ozks,0.0055565830,62,CVE-2026-35667
ozks,0.0054201660,62,CVE-2026-35668
ozks,0.0055739590,63,CVE-2026-35669
ozks,0.0050285830,55,CVE-2026-35670
ozks,0.0705886670,939,CVE-2026-40073
ozks,0.0706450000,939,CVE-2026-40074
ozks,0.0053397090,51,CVE-2026-40097
ozks,0.0037904580,31,CVE-2026-40103
ozks,0.0451767920,601,CVE-2026-40163
ozks,0.0102141250,129,CVE-2026-40175
ozks,0.0080557080,92,CVE-2026-40180
ozks,0.0011244170,7,CVE-2026-40188
ozks,0.0048494590,47,CVE-2026-40189
ozks,0.0307082080,404,CVE-2026-40190
ozks,0.0013986670,9,CVE-2026-40242
ozks,0.0331325420,439,CVE-2026-5724
ozks,0.0221506670,293,CVE-2026-4150
ozks,0.0334935000,444,CVE-2026-4152
ozks,0.0097422080,125,CVE-2026-3358
ozks,0.0065137500,66,CVE-2026-6125
ozks,0.0028128750,21,CVE-2026-35337
ozks,0.0028422090,21,CVE-2026-35565
ozks,0.0004479590,2,CVE-2026-34476
ozks,0.0200317500,264,CVE-2026-28291
ozks,0.0172503330,228,CVE-2026-6216
ozks,0.0005880830,3,CVE-2026-34069
ozks,0.0104936660,132,CVE-2026-34984
ozks,0.0023940000,21,CVE-2026-33929
ozks,0.0067169170,70,CVE-2025-13822
ozks,0.0081789580,94,CVE-2026-2332
ozks,0.0044005840,50,CVE-2025-61260
ozks,0.0108725420,138,CVE-2026-37980
ozks,0.0020425830,15,CVE-2026-2401
ozks,0.1281041670,1708,CVE-2026-2405
ozks,0.0063238330,64,CVE-2026-33414
ozks,0.0014163750,9,CVE-2026-34454
ozks,0.0038777080,33,CVE-2026-34457
ozks,0.0021250000,17,CVE-2026-33806
ozks,0.0049747090,47,CVE-2026-39842
ozks,0.0065738330,69,CVE-2026-39884
ozks,0.0010618340,6,CVE-2026-39984
ozks,0.0106857500,134,CVE-2026-40090
ozks,0.0008247500,5,CVE-2026-40091
ozks,0.0037223330,33,CVE-2026-0636
ozks,0.0024089170,16,CVE-2026-33807
ozks,0.0022092500,16,CVE-2026-33808
ozks,0.0097571660,119,CVE-2026-5588
ozks,0.0047585410,43,CVE-2026-5598
ozks,0.0006098750,3,CVE-2026-30778
ozks,0.0070831250,76,CVE-2026-33805
ozks,0.0027317500,21,CVE-2026-5758
ozks,0.0071864170,78,CVE-2026-6290
ozks,0.0249633750,330,CVE-2026-6383
ozks,0.0114144170,145,CVE-2025-41118
ozks,0.0041822920,37,CVE-2026-21726
ozks,0.0843570410,1123,CVE-2026-33877
ozks,0.0844832080,1123,CVE-2026-33888
ozks,0.0842496670,1123,CVE-2026-33889
ozks,0.0843284170,1122,CVE-2026-35569
ozks,0.0844572080,1122,CVE-2026-39857
ozks,0.0126389590,165,CVE-2026-40173
ozks,0.0002663750,1,CVE-2026-40186
ozks,0.0106373750,134,CVE-2026-40179
ozks,0.0036627920,31,CVE-2026-40193
ozks,0.0021956670,16,CVE-2026-40245
ozks,0.0024548750,18,CVE-2026-3299
ozks,0.0326808750,434,CVE-2026-3551
ozks,0.0017000420,11,CVE-2026-6414
ozks,0.0022934170,17,CVE-2026-6270
ozks,0.0016997080,11,CVE-2026-6410
ozks,0.0300367910,396,CVE-2026-2840
ozks,0.0023048750,17,CVE-2026-33804
ozks,0.0826836660,1099,CVE-2026-3324
ozks,0.0006044160,3,CVE-2026-34164
ozks,0.0009450420,5,CVE-2026-35469
ozks,0.0112754170,146,CVE-2026-39313
ozks,0.0021262910,16,CVE-2026-40246
ozks,0.0021479580,16,CVE-2026-40247
ozks,0.0021650000,16,CVE-2026-40248
ozks,0.0013630420,16,CVE-2026-40249
ozks,0.0328489580,436,CVE-2026-40255
ozks,0.0179757500,238,CVE-2026-3605
ozks,0.0174271250,230,CVE-2026-4525
ozks,0.0058975420,61,CVE-2026-5052
ozks,0.0218658750,289,CVE-2026-5807
ozks,0.0112300830,143,CVE-2026-40458
ozks,0.0051794590,50,CVE-2026-6437
ozks,0.0264306250,350,CVE-2026-35603
ozks,0.0017876250,13,CVE-2026-40155
ozks,0.0085820420,100,CVE-2026-40293
ozks,0.0345856250,459,CVE-2026-40299
ozks,0.0105868330,134,CVE-2026-40302
ozks,0.0106417080,134,CVE-2026-40303
ozks,0.0107410000,134,CVE-2026-40304
ozks,0.0046235840,42,CVE-2026-40477
ozks,0.0046710840,42,CVE-2026-40478
ozks,0.0230977500,301,CVE-2026-40481
ozks,0.0590878330,786,CVE-2026-40346
ozks,0.0055145830,46,CVE-2026-35582
ozks,0.0199688750,264,CVE-2026-40490
ozks,0.3072092920,4098,CVE-2026-2505
ozks,0.0133653330,176,CVE-2026-41242
ozks,0.0019810000,13,CVE-2026-6594
ozks,0.0004274580,2,CVE-2026-33557
ozks,0.0058100000,57,CVE-2026-33558
ozks,0.0135018330,178,CVE-2026-3519
ozks,0.0032085830,26,CVE-2026-41245
ozks,0.0012394170,14,CVE-2026-32604
ozks,0.0140481660,185,CVE-2026-32613
ozks,0.0019112920,14,CVE-2026-35570
ozks,0.0061236250,69,CVE-2026-40045
ozks,0.0056858750,63,CVE-2026-41294
ozks,0.0060153750,69,CVE-2026-41295
ozks,0.0057849580,65,CVE-2026-41296
ozks,0.0056779590,65,CVE-2026-41297
ozks,0.0059890830,69,CVE-2026-41298
ozks,0.0055756250,63,CVE-2026-41299
ozks,0.0058799160,65,CVE-2026-41300
ozks,0.0013194590,11,CVE-2026-41301
ozks,0.0056771670,65,CVE-2026-41302
ozks,0.0055335000,63,CVE-2026-41303
ozks,0.0056865000,65,CVE-2026-41329
ozks,0.0058023750,65,CVE-2026-41330
ozks,0.0057425000,65,CVE-2026-41331
ozks,0.0145983330,191,CVE-2026-39320
ozks,0.0256759170,340,CVE-2026-39861
ozks,0.0004339160,2,CVE-2026-39973
ozks,0.0051772910,50,CVE-2025-1241
ozks,0.0048212910,52,CVE-2026-3298
ozks,0.0097383330,119,CVE-2026-25542
ozks,0.0026009170,21,CVE-2026-40161
ozks,0.0035582080,29,CVE-2026-40574
ozks,0.0090734580,107,CVE-2026-40611
ozks,0.0032250410,26,CVE-2026-22751
ozks,0.0217713330,288,CVE-2026-40868
ozks,0.0052898330,53,CVE-2026-40876
ozks,0.0312835830,414,CVE-2026-40879
ozks,0.0058402920,58,CVE-2026-40880
ozks,0.0057747080,57,CVE-2026-40881
ozks,0.0004260000,2,CVE-2026-40883
ozks,0.0053726660,53,CVE-2026-40884
ozks,0.0004243750,2,CVE-2026-40885
ozks,0.0257827500,341,CVE-2026-40887
ozks,0.0043342920,40,CVE-2026-40910
ozks,0.0179260420,236,CVE-2026-40923
ozks,0.0179080000,236,CVE-2026-40924
ozks,0.0029547920,24,CVE-2026-40938
ozks,0.0036285000,29,CVE-2026-40931
ozks,0.0156152920,206,CVE-2026-40933
ozks,0.0052376660,51,CVE-2026-40939
ozks,0.0032804590,25,CVE-2026-40942
ozks,0.0055460830,53,CVE-2026-40943
ozks,0.0052131670,53,CVE-2026-40944
ozks,0.0053186670,53,CVE-2026-40945
ozks,0.0052634170,53,CVE-2026-40946
ozks,0.0022166250,16,CVE-2026-40343
ozks,0.0025496250,19,CVE-2026-40575
ozks,0.0023600840,19,CVE-2026-41059
ozks,0.0090932920,107,CVE-2026-41131
ozks,0.0026798750,19,CVE-2026-41135
ozks,0.0027015420,20,CVE-2026-41136
ozks,0.0267672080,355,CVE-2026-2714
ozks,0.0370267080,492,CVE-2026-4088
ozks,0.0044235000,38,CVE-2026-4119
ozks,0.0096628750,120,CVE-2026-4121
ozks,0.0532487910,709,CVE-2026-4126
ozks,0.0100520830,130,CVE-2026-4133
ozks,0.0052638330,50,CVE-2026-4142
ozks,0.0169104170,224,CVE-2026-32885
ozks,0.0007218340,3,CVE-2026-33471
ozks,0.0007169580,3,CVE-2026-34064
ozks,0.0005888750,3,CVE-2026-34065
ozks,0.0006007920,3,CVE-2026-34066
ozks,0.0006103330,3,CVE-2026-34067
ozks,0.0005282920,3,CVE-2026-34068
ozks,0.0049338750,47,CVE-2026-40882
ozks,0.0005194170,2,CVE-2026-40937
ozks,0.0050483330,48,CVE-2026-41166
ozks,0.0069245420,74,CVE-2026-41176
ozks,0.0066215410,72,CVE-2026-41179
ozks,0.0019807500,13,CVE-2026-41180
ozks,0.0042009580,38,CVE-2026-41197
ozks,0.0139035410,183,CVE-2026-41208
ozks,0.0085856670,101,CVE-2026-41211
ozks,0.0028299170,22,CVE-2026-3361
ozks,0.0034423340,31,CVE-2026-41238
ozks,0.0083068330,97,CVE-2026-41239
ozks,0.0107894580,136,CVE-2026-41240
ozks,0.0038309170,34,CVE-2026-40886
ozks,0.0025553340,19,CVE-2026-41213
ozks,0.0080359580,90,CVE-2026-41246
ozks,0.0156132090,206,CVE-2026-41137
ozks,0.0155953750,206,CVE-2026-41138
ozks,0.0155925840,206,CVE-2026-41264
ozks,0.0156340840,206,CVE-2026-41265
ozks,0.0084252500,99,CVE-2026-41266
ozks,0.0086249170,99,CVE-2026-41267
ozks,0.0156171670,206,CVE-2026-41268
ozks,0.0084682080,99,CVE-2026-41269
ozks,0.0155920830,206,CVE-2026-41271
ozks,0.0156351250,206,CVE-2026-41272
ozks,0.0084834170,99,CVE-2026-41273
ozks,0.0084454160,99,CVE-2026-41275
ozks,0.0084769580,99,CVE-2026-41276
ozks,0.0084448750,99,CVE-2026-41277
ozks,0.0084736670,99,CVE-2026-41278
ozks,0.0084158330,99,CVE-2026-41279
ozks,0.0156808330,206,CVE-2026-41274
ozks,0.0037957080,33,CVE-2026-29050
ozks,0.0036810000,33,CVE-2026-29051
ozks,0.0243772910,323,CVE-2026-33318
ozks,0.0207043750,273,CVE-2026-41305
ozks,0.0219753750,291,CVE-2026-41068
ozks,0.0217818750,288,CVE-2026-41323
ozks,0.0095432500,116,CVE-2026-41324
ozks,0.0053093750,52,CVE-2026-41485
ozks,0.0188847080,250,CVE-2026-3565
ozks,0.0027317500,27,CVE-2026-40897
ozks,0.0989431670,1312,CVE-2026-41067
ozks,0.0188481250,249,CVE-2026-41321
ozks,0.0121442910,158,CVE-2026-41322
ozks,0.0069860840,78,CVE-2026-41676
ozks,0.0086630000,103,CVE-2026-41677
ozks,0.0054899580,54,CVE-2026-41678
ozks,0.0042278340,39,CVE-2026-41681
ozks,0.0025532090,19,CVE-2026-33524
ozks,0.0127395830,167,CVE-2026-41327
ozks,0.0126549160,167,CVE-2026-41328
ozks,0.0127444580,167,CVE-2026-41492
ozks,0.0012020000,6,CVE-2026-2265
ozks,0.1625336670,2168,CVE-2026-33949
ozks,0.0056672080,56,CVE-2026-33990
ozks,0.1628620000,2168,CVE-2026-34603
ozks,0.1627257920,2167,CVE-2026-34604
ozks,0.0303358330,401,CVE-2026-34076
ozks,0.2192597500,2925,CVE-2026-34751
ozks,0.0330154580,438,CVE-2026-5199
ozks,0.1289447080,1716,CVE-2026-34746
ozks,0.1292680410,1716,CVE-2026-34747
ozks,0.0901861660,1197,CVE-2026-34748
ozks,0.1296192910,1716,CVE-2026-34749
ozks,0.2819837500,3710,CVE-2026-34750
ozks,0.0110947090,140,CVE-2026-34528
ozks,0.0109619170,140,CVE-2026-34529
ozks,0.0109016250,140,CVE-2026-34530
ozks,0.0009210000,4,CVE-2026-5323
ozks,0.0050900830,47,CVE-2026-5327
ozks,0.0109941670,139,CVE-2026-3872
ozks,0.0109596670,139,CVE-2026-4282
ozks,0.0112266250,139,CVE-2026-4325
ozks,0.0108806670,139,CVE-2026-4634
ozks,0.0109621250,139,CVE-2026-4636
ozks,0.0018766670,13,CVE-2026-33544
ozks,0.0143165000,189,CVE-2026-33950
ozks,0.0143163750,188,CVE-2026-33951
ozks,0.0020470830,15,CVE-2026-34083
ozks,0.0144016250,190,CVE-2026-35038
ozks,0.0074512080,83,CVE-2026-34522
ozks,0.0073822500,83,CVE-2026-34523
ozks,0.0073498340,83,CVE-2026-34524
ozks,0.0074349580,83,CVE-2026-34526
ozks,0.0067635830,71,CVE-2026-34601
ozks,0.0023798750,16,CVE-2026-34725
ozks,0.0059841250,69,CVE-2026-34425
ozks,0.0050474170,55,CVE-2026-34426
ozks,0.0007440000,4,CVE-2026-34581
ozks,0.0025585830,19,CVE-2026-34742
ozks,0.0092580420,110,CVE-2026-34752
ozks,0.0043260000,37,CVE-2026-34761
ozks,0.0040457910,37,CVE-2026-34762
ozks,0.0585442090,778,CVE-2026-34825
ozks,0.1005015000,1335,CVE-2026-5467
ozks,0.0093326670,112,CVE-2026-25773
ozks,0.0092764580,112,CVE-2026-28736
ozks,0.1002900000,1335,CVE-2026-5468
ozks,0.1006183340,1335,CVE-2026-5469
ozks,0.2338513330,3110,CVE-2026-25044
ozks,0.1893301660,2505,CVE-2026-31818
ozks,0.2340340420,3110,CVE-2026-35214
ozks,0.2373595420,3110,CVE-2026-35216
ozks,0.0059787080,69,CVE-2026-34511
ozks,0.1249378330,1637,CVE-2026-34766
ozks,0.1238638330,1648,CVE-2026-34767
ozks,0.1230913340,1639,CVE-2026-34768
ozks,0.1234182500,1637,CVE-2026-34769
ozks,0.1251643750,1639,CVE-2026-34770
ozks,0.1251783330,1637,CVE-2026-34771
ozks,0.1248416670,1636,CVE-2026-34772
ozks,0.1249826250,1641,CVE-2026-34773
ozks,0.1255225000,1640,CVE-2026-34774
ozks,0.1238130840,1647,CVE-2026-34775
ozks,0.1232643330,1641,CVE-2026-34776
ozks,0.1237187080,1641,CVE-2026-34777
ozks,0.1255122500,1641,CVE-2026-34778
ozks,0.1240145420,1639,CVE-2026-34779
ozks,0.0061622080,71,CVE-2026-34780
ozks,0.0038003750,31,CVE-2026-2826
ozks,0.0007680000,4,CVE-2026-5602
ozks,0.0005944580,3,CVE-2026-5603
ozks,0.0110690420,140,CVE-2026-37977
ozks,0.0058067500,59,CVE-2026-33540
ozks,0.0832103750,1109,CVE-2026-34148
ozks,0.0068417080,72,CVE-2026-34208
ozks,0.0067585000,72,CVE-2026-34211
ozks,0.0067713340,72,CVE-2026-34217
ozks,0.0253839170,336,CVE-2026-34764
ozks,0.0050193750,45,CVE-2026-34940
ozks,0.0059253330,61,CVE-2026-34950
ozks,0.0091780000,110,CVE-2026-34841
ozks,0.0113912080,145,CVE-2026-34976
ozks,0.0052437080,50,CVE-2026-34986
ozks,0.0083050420,96,CVE-2026-34992
ozks,0.0038583750,33,CVE-2026-35036
ozks,0.0036957500,33,CVE-2026-35037
ozks,0.0059600830,61,CVE-2026-35039
ozks,0.0059392920,61,CVE-2026-35042
ozks,0.0202812080,268,CVE-2026-35166
ozks,0.0034127500,28,CVE-2026-35209
ozks,0.0036849160,31,CVE-2026-33817
ozks,0.0058090000,59,CVE-2026-35172
ozks,0.0555147500,732,CVE-2026-35200
ozks,0.0042685420,39,CVE-2026-34972
ozks,0.0010835410,6,CVE-2026-35213
ozks,0.0051003750,47,CVE-2026-35392
ozks,0.0048399170,47,CVE-2026-35393
ozks,0.0048512080,46,CVE-2026-35394
ozks,0.0246854590,326,CVE-2026-35408
ozks,0.0244050000,324,CVE-2026-35409
ozks,0.0246683340,325,CVE-2026-35410
ozks,0.0244980000,325,CVE-2026-35411
ozks,0.0245180000,325,CVE-2026-35412
ozks,0.0246292080,325,CVE-2026-35413
ozks,0.0246505000,326,CVE-2026-35441
ozks,0.0245655000,326,CVE-2026-35442
ozks,0.0009314580,5,CVE-2026-35454
ozks,0.0047971250,47,CVE-2026-35471
ozks,0.0279833750,371,CVE-2026-33227
ozks,0.0145044580,191,CVE-2026-34197
ozks,0.0039997500,35,CVE-2026-35554
ozks,0.0028062500,21,CVE-2026-35405
ozks,0.0026372920,21,CVE-2026-35457
ozks,0.0055865830,54,CVE-2026-35458
ozks,0.0034512920,26,CVE-2026-35480
ozks,0.0025551670,19,CVE-2026-4740
ozks,0.0043584580,39,CVE-2026-33816
ozks,0.0326997920,434,CVE-2026-35515
ozks,0.0045525420,42,CVE-2026-35571
ozks,0.0018449590,12,CVE-2026-27314
ozks,0.0026490420,20,CVE-2026-27315
ozks,0.0042586250,38,CVE-2026-32588
ozks,0.0045488750,42,CVE-2026-35580
ozks,0.0045710410,42,CVE-2026-35581
ozks,0.0046465000,42,CVE-2026-35583
ozks,0.0112684170,143,CVE-2026-35585
ozks,0.0110948750,142,CVE-2026-35604
ozks,0.0111026250,142,CVE-2026-35605
ozks,0.0110843330,142,CVE-2026-35606
ozks,0.0110581660,142,CVE-2026-35607
ozks,0.0002664160,1,CVE-2026-35613
ozks,0.0556784580,739,CVE-2026-39321
ozks,0.0003833750,2,CVE-2026-39360
ozks,0.0004367500,2,CVE-2026-5736
ozks,0.0003207500,1,CVE-2025-56015
ozks,0.0814961670,1085,CVE-2026-39356
ozks,0.0069160000,89,CVE-2026-39363
ozks,0.0025887500,29,CVE-2026-39364
ozks,0.0525753330,698,CVE-2026-39365
ozks,0.0036641250,33,CVE-2026-39371
ozks,0.0273413330,360,CVE-2026-39381
ozks,0.0042503340,39,CVE-2026-39395
ozks,0.0224953340,298,CVE-2026-3566
ozks,0.0004152090,2,CVE-2026-5739
ozks,0.0008220410,5,CVE-2026-29181
ozks,0.0043408330,38,CVE-2026-33439
ozks,0.0029657500,32,CVE-2026-35533
ozks,0.0034228750,29,CVE-2026-39397
ozks,0.1247611250,1658,CVE-2026-34765
ozks,0.1249191250,1658,CVE-2026-34781
ozks,0.0007061670,3,CVE-2026-35406
ozks,0.0018257500,12,CVE-2026-35568
ozks,0.0198510000,261,CVE-2026-3357
ozks,0.0083696250,96,CVE-2026-3499
ozks,0.6247989580,8209,CVE-2026-3477
ozks,0.0040245410,36,CVE-2026-2481
ozks,0.0141472080,186,CVE-2026-5795
ozks,0.0073750830,81,CVE-2026-39406
ozks,0.0317040830,418,CVE-2026-39407
ozks,0.0124466250,163,CVE-2026-39408
ozks,0.0317552920,418,CVE-2026-39409
ozks,0.0317560830,418,CVE-2026-39410
ozks,0.0004250830,2,CVE-2026-39865
ozks,0.0034292910,28,CVE-2026-27806
ozks,0.0168267080,222,CVE-2026-34166
ozks,0.0043212090,43,CVE-2026-23869
ozks,0.0168748750,222,CVE-2026-35525
ozks,0.0323359170,429,CVE-2026-39411
ozks,0.0169751670,223,CVE-2026-39412
ozks,0.0170010830,224,CVE-2026-39859
ozks,0.0060231250,60,CVE-2026-39429
ozks,0.0106759170,133,CVE-2026-39882
ozks,0.0038208750,33,CVE-2026-39883
ozks,0.0089684590,106,CVE-2026-39885
ozks,0.0226700000,300,CVE-2026-39901
ozks,0.0062941660,73,CVE-2026-40037
ozks,0.0086788330,107,CVE-2026-3199
ozks,0.0012550000,8,CVE-2026-5831
ozks,0.0004668330,2,CVE-2026-5832
ozks,0.0004955000,2,CVE-2026-5833
ozks,0.0110380830,139,CVE-2026-5842
ozks,0.0015359170,10,CVE-2025-62188
ozks,0.0046372910,42,CVE-2026-4660
ozks,0.0103190420,129,CVE-2025-62718
ozks,0.0028153330,22,CVE-2026-33005
ozks,0.0010056670,6,CVE-2026-33266
ozks,0.0035454580,30,CVE-2026-34020
ozks,0.0060221250,62,CVE-2026-35040
ozks,0.0015600840,10,CVE-2026-35041
ozks,0.0016901250,11,CVE-2026-35204
ozks,0.0016946660,11,CVE-2026-35205
ozks,0.0013052500,8,CVE-2026-39398
ozks,0.0246557920,326,CVE-2026-39942
ozks,0.0246855830,326,CVE-2026-39943
ozks,0.0086066250,99,CVE-2026-39972
ozks,0.0141938330,187,CVE-2026-39974
ozks,0.0049948330,45,CVE-2026-40046
ozks,0.0220267500,291,CVE-2026-39315
ozks,0.0012377080,8,CVE-2026-39961
ozks,0.0002636250,1,CVE-2026-39983
ozks,0.0134870830,178,CVE-2026-34941
ozks,0.0135592920,178,CVE-2026-34942
ozks,0.0135228750,178,CVE-2026-34943
ozks,0.0136341250,178,CVE-2026-34944
ozks,0.0064458340,56,CVE-2026-34945
ozks,0.0055067090,56,CVE-2026-34946
ozks,0.0044239580,41,CVE-2026-34971
ozks,0.0002248750,1,CVE-2026-34983
ozks,0.0055160420,56,CVE-2026-34987
ozks,0.0048902080,49,CVE-2026-34988
ozks,0.0053208750,56,CVE-2026-35186
ozks,0.0134851670,178,CVE-2026-35195
ozks,0.0582145000,774,CVE-2026-24880
ozks,0.0580112080,771,CVE-2026-25854
ozks,0.0014180410,9,CVE-2026-29129
ozks,0.0263827920,348,CVE-2026-29145
ozks,0.0288751660,382,CVE-2026-29146
ozks,0.0024507920,18,CVE-2026-32990
ozks,0.0372652500,495,CVE-2026-34483
ozks,0.0011075410,6,CVE-2026-34486
ozks,0.0423689160,561,CVE-2026-34487
ozks,0.0188625000,249,CVE-2026-34500
ozks,0.0067241250,72,CVE-2026-40077
ozks,0.0115697500,149,CVE-2026-35206
ozks,0.0006025000,3,CVE-2026-40093
ozks,0.0084270410,97,CVE-2026-40109
ozks,0.0055632090,63,CVE-2026-35617
ozks,0.0052926250,59,CVE-2026-35618
ozks,0.0049662080,55,CVE-2026-35622
ozks,0.0055594160,63,CVE-2026-35623
ozks,0.0050045420,55,CVE-2026-35624
ozks,0.0050289170,55,CVE-2026-35626
ozks,0.0050029580,55,CVE-2026-35627
ozks,0.0055645000,63,CVE-2026-35628
ozks,0.0056587910,64,CVE-2026-35629
ozks,0.0035071670,35,CVE-2026-35632
ozks,0.0050115830,55,CVE-2026-35633
ozks,0.0052720410,59,CVE-2026-35634
ozks,0.0050181250,55,CVE-2026-35635
ozks,0.0050171660,55,CVE-2026-35637
ozks,0.0050564170,55,CVE-2026-35639
ozks,0.0056451250,64,CVE-2026-35640
ozks,0.0055773330,63,CVE-2026-35645
ozks,0.0056988340,64,CVE-2026-35646
ozks,0.0028620000,22,CVE-2026-5986
ozks,0.0008485000,7,CVE-2026-6011
ozks,0.0002945830,1,CVE-2026-22750
ozks,0.0289912920,383,CVE-2026-39304
ozks,0.0445099580,591,CVE-2025-5804
ozks,0.0042896670,37,CVE-2026-34477
ozks,0.0024162080,17,CVE-2026-34478
ozks,0.0068152080,74,CVE-2026-34480
ozks,0.0034455420,28,CVE-2026-34481
ozks,0.0036026670,31,CVE-2026-34727
ozks,0.0035760000,31,CVE-2026-35594
ozks,0.0035218750,31,CVE-2026-35595
ozks,0.0036785830,31,CVE-2026-35596
ozks,0.0036109170,31,CVE-2026-35597
ozks,0.0034954170,31,CVE-2026-35598
ozks,0.0034965000,31,CVE-2026-35599
ozks,0.0035173340,31,CVE-2026-35600
ozks,0.0034983750,31,CVE-2026-35601
ozks,0.0035056250,31,CVE-2026-35602
ozks,0.0054240420,60,CVE-2026-35619
ozks,0.0054828750,62,CVE-2026-35620
ozks,0.0053205830,60,CVE-2026-35621
ozks,0.0001736660,1,CVE-2026-35641
ozks,0.0050010410,55,CVE-2026-35643
ozks,0.0055355830,63,CVE-2026-35647
ozks,0.0048467500,55,CVE-2026-35648
ozks,0.0050362920,55,CVE-2026-35649
ozks,0.0046062500,55,CVE-2026-35650
ozks,0.0036282500,41,CVE-2026-35651
ozks,0.0050487080,55,CVE-2026-35652
ozks,0.0050355000,62,CVE-2026-35653
ozks,0.0054375420,63,CVE-2026-35654
ozks,0.0046721660,55,CVE-2026-35655
ozks,0.0044489170,55,CVE-2026-35656
ozks,0.0055696250,63,CVE-2026-35657
ozks,0.0042069580,44,CVE-2026-35658
ozks,0.0050337910,55,CVE-2026-35659
ozks,0.0052955420,59,CVE-2026-35660
ozks,0.0054733750,63,CVE-2026-35661
ozks,0.0050627090,55,CVE-2026-35662
ozks,0.0056046670,63,CVE-2026-35663
ozks,0.0056322500,63,CVE-2026-35664
ozks,0.0054967920,62,CVE-2026-35665
ozks,0.0050332910,55,CVE-2026-35666
ozks,0.0054951660,62,CVE-2026-35667
ozks,0.0055802500,62,CVE-2026-35668
ozks,0.0056848750,63,CVE-2026-35669
ozks,0.0049998330,55,CVE-2026-35670
ozks,0.0705033750,939,CVE-2026-40073
ozks,0.0706379170,939,CVE-2026-40074
ozks,0.0053575000,51,CVE-2026-40097
ozks,0.0037158750,31,CVE-2026-40103
ozks,0.0452410000,601,CVE-2026-40163
ozks,0.0102845410,129,CVE-2026-40175
ozks,0.0079982910,92,CVE-2026-40180
ozks,0.0012753330,7,CVE-2026-40188
ozks,0.0049716670,47,CVE-2026-40189
ozks,0.0304950000,404,CVE-2026-40190
ozks,0.0014092080,9,CVE-2026-40242
ozks,0.0331052920,439,CVE-2026-5724
ozks,0.0221725840,293,CVE-2026-4150
ozks,0.0334364580,444,CVE-2026-4152
ozks,0.0097172500,125,CVE-2026-3358
ozks,0.0063032920,66,CVE-2026-6125
ozks,0.0027441670,21,CVE-2026-35337
ozks,0.0027164580,21,CVE-2026-35565
ozks,0.0004452910,2,CVE-2026-34476
ozks,0.0199983330,264,CVE-2026-28291
ozks,0.0172310000,228,CVE-2026-6216
ozks,0.0006065840,3,CVE-2026-34069
ozks,0.0105020830,132,CVE-2026-34984
ozks,0.0029426250,21,CVE-2026-33929
ozks,0.0063607910,70,CVE-2025-13822
ozks,0.0081059170,94,CVE-2026-2332
ozks,0.0043779160,50,CVE-2025-61260
ozks,0.0108355830,138,CVE-2026-37980
ozks,0.0022619170,15,CVE-2026-2401
ozks,0.1278235420,1708,CVE-2026-2405
ozks,0.0062312080,64,CVE-2026-33414
ozks,0.0014083330,9,CVE-2026-34454
ozks,0.0040057080,33,CVE-2026-34457
ozks,0.0022711660,17,CVE-2026-33806
ozks,0.0049657500,47,CVE-2026-39842
ozks,0.0066347920,69,CVE-2026-39884
ozks,0.0011030420,6,CVE-2026-39984
ozks,0.0106988750,134,CVE-2026-40090
ozks,0.0009679170,5,CVE-2026-40091
ozks,0.0035990000,33,CVE-2026-0636
ozks,0.0024145420,16,CVE-2026-33807
ozks,0.0021837090,16,CVE-2026-33808
ozks,0.0095550840,119,CVE-2026-5588
ozks,0.0047960420,43,CVE-2026-5598
ozks,0.0006000420,3,CVE-2026-30778
ozks,0.0078037080,76,CVE-2026-33805
ozks,0.0028143330,21,CVE-2026-5758
ozks,0.0071742090,78,CVE-2026-6290
ozks,0.0249037090,330,CVE-2026-6383
ozks,0.0113500840,145,CVE-2025-41118
ozks,0.0042173330,37,CVE-2026-21726
ozks,0.0842552920,1123,CVE-2026-33877
ozks,0.0843475830,1123,CVE-2026-33888
ozks,0.0843249170,1123,CVE-2026-33889
ozks,0.0846042500,1122,CVE-2026-35569
ozks,0.0843118750,1122,CVE-2026-39857
ozks,0.0126095000,165,CVE-2026-40173
ozks,0.0001397080,1,CVE-2026-40186
ozks,0.0106768750,134,CVE-2026-40179
ozks,0.0036625830,31,CVE-2026-40193
ozks,0.0021859160,16,CVE-2026-40245
ozks,0.0024232080,18,CVE-2026-3299
ozks,0.0327423330,434,CVE-2026-3551
ozks,0.0018318330,11,CVE-2026-6414
ozks,0.0024549580,17,CVE-2026-6270
ozks,0.0017008750,11,CVE-2026-6410
ozks,0.0298800420,396,CVE-2026-2840
ozks,0.0022968750,17,CVE-2026-33804
ozks,0.0824594160,1099,CVE-2026-3324
ozks,0.0006150410,3,CVE-2026-34164
ozks,0.0009477500,5,CVE-2026-35469
ozks,0.0113369590,146,CVE-2026-39313
ozks,0.0021787500,16,CVE-2026-40246
ozks,0.0021575830,16,CVE-2026-40247
ozks,0.0021761670,16,CVE-2026-40248
ozks,0.0021652910,16,CVE-2026-40249
ozks,0.0327931670,436,CVE-2026-40255
ozks,0.0180106250,238,CVE-2026-3605
ozks,0.0173812090,230,CVE-2026-4525
ozks,0.0058515420,61,CVE-2026-5052
ozks,0.0219001250,289,CVE-2026-5807
ozks,0.0112566670,143,CVE-2026-40458
ozks,0.0051897090,50,CVE-2026-6437
ozks,0.0264199590,350,CVE-2026-35603
ozks,0.0018117910,13,CVE-2026-40155
ozks,0.0086095830,100,CVE-2026-40293
ozks,0.0345833330,459,CVE-2026-40299
ozks,0.0107499580,134,CVE-2026-40302
ozks,0.0106237090,134,CVE-2026-40303
ozks,0.0106227090,134,CVE-2026-40304
ozks,0.0046347910,42,CVE-2026-40477
ozks,0.0047082500,42,CVE-2026-40478
ozks,0.0227501250,301,CVE-2026-40481
ozks,0.0590724170,786,CVE-2026-40346
ozks,0.0048546660,46,CVE-2026-35582
ozks,0.0199216670,264,CVE-2026-40490
ozks,0.3075877500,4098,CVE-2026-2505
ozks,0.0133522910,176,CVE-2026-41242
ozks,0.0019790830,13,CVE-2026-6594
ozks,0.0004980000,2,CVE-2026-33557
ozks,0.0058312080,57,CVE-2026-33558
ozks,0.0134925420,178,CVE-2026-3519
ozks,0.0032030000,26,CVE-2026-41245
ozks,0.0019355840,14,CVE-2026-32604
ozks,0.0140165840,185,CVE-2026-32613
ozks,0.0021382500,14,CVE-2026-35570
ozks,0.0059865420,69,CVE-2026-40045
ozks,0.0055926670,63,CVE-2026-41294
ozks,0.0059742500,69,CVE-2026-41295
ozks,0.0057640420,65,CVE-2026-41296
ozks,0.0056629580,65,CVE-2026-41297
ozks,0.0060009580,69,CVE-2026-41298
ozks,0.0055998750,63,CVE-2026-41299
ozks,0.0057609580,65,CVE-2026-41300
ozks,0.0012957080,11,CVE-2026-41301
ozks,0.0057579170,65,CVE-2026-41302
ozks,0.0056359580,63,CVE-2026-41303
ozks,0.0057563330,65,CVE-2026-41329
ozks,0.0056717080,65,CVE-2026-41330
ozks,0.0056894580,65,CVE-2026-41331
ozks,0.0145227500,191,CVE-2026-39320
ozks,0.0256530420,340,CVE-2026-39861
ozks,0.0004330000,2,CVE-2026-39973
ozks,0.0051200000,50,CVE-2025-1241
ozks,0.0047750420,52,CVE-2026-3298
ozks,0.0097627500,119,CVE-2026-25542
ozks,0.0026082910,21,CVE-2026-40161
ozks,0.0035172500,29,CVE-2026-40574
ozks,0.0091167920,107,CVE-2026-40611
ozks,0.0032130410,26,CVE-2026-22751
ozks,0.0217767910,288,CVE-2026-40868
ozks,0.0052096660,53,CVE-2026-40876
ozks,0.0312321670,414,CVE-2026-40879
ozks,0.0057117920,58,CVE-2026-40880
ozks,0.0055470000,57,CVE-2026-40881
ozks,0.0003748330,2,CVE-2026-40883
ozks,0.0054277920,53,CVE-2026-40884
ozks,0.0004309170,2,CVE-2026-40885
ozks,0.0257699580,341,CVE-2026-40887
ozks,0.0044752920,40,CVE-2026-40910
ozks,0.0178711670,236,CVE-2026-40923
ozks,0.0178976250,236,CVE-2026-40924
ozks,0.0029368340,24,CVE-2026-40938
ozks,0.0035075000,29,CVE-2026-40931
ozks,0.0156392090,206,CVE-2026-40933
ozks,0.0052991670,51,CVE-2026-40939
ozks,0.0030727910,25,CVE-2026-40942
ozks,0.0055417920,53,CVE-2026-40943
ozks,0.0052853330,53,CVE-2026-40944
ozks,0.0053154590,53,CVE-2026-40945
ozks,0.0052758750,53,CVE-2026-40946
ozks,0.0024171670,16,CVE-2026-40343
ozks,0.0023683750,19,CVE-2026-40575
ozks,0.0024227080,19,CVE-2026-41059
ozks,0.0090288750,107,CVE-2026-41131
ozks,0.0026220830,19,CVE-2026-41135
ozks,0.0026935000,20,CVE-2026-41136
ozks,0.0266913330,355,CVE-2026-2714
ozks,0.0370941660,492,CVE-2026-4088
ozks,0.0042310420,38,CVE-2026-4119
ozks,0.0096872500,120,CVE-2026-4121
ozks,0.0531905420,709,CVE-2026-4126
ozks,0.0100300410,130,CVE-2026-4133
ozks,0.0052267500,50,CVE-2026-4142
ozks,0.0169382500,224,CVE-2026-32885
ozks,0.0007002500,3,CVE-2026-33471
ozks,0.0007226250,3,CVE-2026-34064
ozks,0.0006417080,3,CVE-2026-34065
ozks,0.0006041250,3,CVE-2026-34066
ozks,0.0007125410,3,CVE-2026-34067
ozks,0.0005191670,3,CVE-2026-34068
ozks,0.0048794580,47,CVE-2026-40882
ozks,0.0005129580,2,CVE-2026-40937
ozks,0.0050077920,48,CVE-2026-41166
ozks,0.0068774170,74,CVE-2026-41176
ozks,0.0066227080,72,CVE-2026-41179
ozks,0.0019917500,13,CVE-2026-41180
ozks,0.0041985000,38,CVE-2026-41197
ozks,0.0138713330,183,CVE-2026-41208
ozks,0.0085399170,101,CVE-2026-41211
ozks,0.0029218330,22,CVE-2026-3361
ozks,0.0036267090,31,CVE-2026-41238
ozks,0.0083792080,97,CVE-2026-41239
ozks,0.0108647500,136,CVE-2026-41240
ozks,0.0038029580,34,CVE-2026-40886
ozks,0.0025645410,19,CVE-2026-41213
ozks,0.0079469590,90,CVE-2026-41246
ozks,0.0155865840,206,CVE-2026-41137
ozks,0.0156714160,206,CVE-2026-41138
ozks,0.0156145000,206,CVE-2026-41264
ozks,0.0156259580,206,CVE-2026-41265
ozks,0.0085504170,99,CVE-2026-41266
ozks,0.0084656250,99,CVE-2026-41267
ozks,0.0156559170,206,CVE-2026-41268
ozks,0.0084259170,99,CVE-2026-41269
ozks,0.0156459580,206,CVE-2026-41271
ozks,0.0156065000,206,CVE-2026-41272
ozks,0.0084243330,99,CVE-2026-41273
ozks,0.0084651660,99,CVE-2026-41275
ozks,0.0084378330,99,CVE-2026-41276
ozks,0.0085490000,99,CVE-2026-41277
ozks,0.0084339170,99,CVE-2026-41278
ozks,0.0084730830,99,CVE-2026-41279
ozks,0.0155670000,206,CVE-2026-41274
ozks,0.0038340000,33,CVE-2026-29050
ozks,0.0037388750,33,CVE-2026-29051
ozks,0.0243965830,323,CVE-2026-33318
ozks,0.0206775000,273,CVE-2026-41305
ozks,0.0220077090,291,CVE-2026-41068
ozks,0.0218209580,288,CVE-2026-41323
ozks,0.0095302500,116,CVE-2026-41324
ozks,0.0052292500,52,CVE-2026-41485
ozks,0.0195786250,250,CVE-2026-3565
ozks,0.0027934170,27,CVE-2026-40897
ozks,0.0988338750,1312,CVE-2026-41067
ozks,0.0188339580,249,CVE-2026-41321
ozks,0.0121192500,158,CVE-2026-41322
ozks,0.0070870000,78,CVE-2026-41676
ozks,0.0086903340,103,CVE-2026-41677
ozks,0.0053916670,54,CVE-2026-41678
ozks,0.0043944580,39,CVE-2026-41681
ozks,0.0025583750,19,CVE-2026-33524
ozks,0.0127480420,167,CVE-2026-41327
ozks,0.0126972500,167,CVE-2026-41328
ozks,0.0127360830,167,CVE-2026-41492
ozks,0.0011077500,6,CVE-2026-2265
ozks,0.1630244580,2168,CVE-2026-33949
ozks,0.0056322920,56,CVE-2026-33990
ozks,0.1627808750,2168,CVE-2026-34603
ozks,0.1631407920,2167,CVE-2026-34604
ozks,0.0301645000,401,CVE-2026-34076
ozks,0.2192986250,2925,CVE-2026-34751
ozks,0.0330409160,438,CVE-2026-5199
ozks,0.1302387080,1716,CVE-2026-34746
ozks,0.1296591670,1716,CVE-2026-34747
ozks,0.0899652500,1197,CVE-2026-34748
ozks,0.1290038750,1716,CVE-2026-34749
ozks,0.2790303330,3710,CVE-2026-34750
ozks,0.0110350000,140,CVE-2026-34528
ozks,0.0109763330,140,CVE-2026-34529
ozks,0.0109257500,140,CVE-2026-34530
ozks,0.0008441250,4,CVE-2026-5323
ozks,0.0051792910,47,CVE-2026-5327
ozks,0.0109723340,139,CVE-2026-3872
ozks,0.0109198750,139,CVE-2026-4282
ozks,0.0109742920,139,CVE-2026-4325
ozks,0.0109295840,139,CVE-2026-4634
ozks,0.0109162080,139,CVE-2026-4636
ozks,0.0021747080,13,CVE-2026-33544
ozks,0.0143645410,189,CVE-2026-33950
ozks,0.0142587920,188,CVE-2026-33951
ozks,0.0020305830,15,CVE-2026-34083
ozks,0.0143383750,190,CVE-2026-35038
ozks,0.0075250000,83,CVE-2026-34522
ozks,0.0074292500,83,CVE-2026-34523
ozks,0.0074235420,83,CVE-2026-34524
ozks,0.0074006250,83,CVE-2026-34526
ozks,0.0066248330,71,CVE-2026-34601
ozks,0.0021683750,16,CVE-2026-34725
ozks,0.0059765830,69,CVE-2026-34425
ozks,0.0050613750,55,CVE-2026-34426
ozks,0.0007860000,4,CVE-2026-34581
ozks,0.0025580410,19,CVE-2026-34742
ozks,0.0092228750,110,CVE-2026-34752
ozks,0.0044456670,37,CVE-2026-34761
ozks,0.0041225000,37,CVE-2026-34762
ozks,0.0583530840,778,CVE-2026-34825
ozks,0.1003223330,1335,CVE-2026-5467
ozks,0.0093275420,112,CVE-2026-25773
ozks,0.0092916670,112,CVE-2026-28736
ozks,0.1003321250,1335,CVE-2026-5468
ozks,0.1006604580,1335,CVE-2026-5469
ozks,0.2336802090,3110,CVE-2026-25044
ozks,0.1875503750,2505,CVE-2026-31818
ozks,0.2359788750,3110,CVE-2026-35214
ozks,0.2384764170,3110,CVE-2026-35216
ozks,0.0060465830,69,CVE-2026-34511
ozks,0.1246817910,1637,CVE-2026-34766
ozks,0.1238596660,1648,CVE-2026-34767
ozks,0.1228143750,1639,CVE-2026-34768
ozks,0.1252942090,1637,CVE-2026-34769
ozks,0.1258310410,1639,CVE-2026-34770
ozks,0.1229176250,1637,CVE-2026-34771
ozks,0.1226494170,1636,CVE-2026-34772
ozks,0.1242274170,1641,CVE-2026-34773
ozks,0.1250830830,1640,CVE-2026-34774
ozks,0.1243616670,1647,CVE-2026-34775
ozks,0.1253105000,1641,CVE-2026-34776
ozks,0.1239320000,1641,CVE-2026-34777
ozks,0.1255605420,1641,CVE-2026-34778
ozks,0.1235348750,1639,CVE-2026-34779
ozks,0.0062592920,71,CVE-2026-34780
ozks,0.0037619580,31,CVE-2026-2826
ozks,0.0007570840,4,CVE-2026-5602
ozks,0.0005968750,3,CVE-2026-5603
ozks,0.0110525420,140,CVE-2026-37977
ozks,0.0059138750,59,CVE-2026-33540
ozks,0.0835533750,1109,CVE-2026-34148
ozks,0.0067117910,72,CVE-2026-34208
ozks,0.0068041670,72,CVE-2026-34211
ozks,0.0067243750,72,CVE-2026-34217
ozks,0.0254541250,336,CVE-2026-34764
ozks,0.0048084590,45,CVE-2026-34940
ozks,0.0059389580,61,CVE-2026-34950
ozks,0.0090940840,110,CVE-2026-34841
ozks,0.0113442910,145,CVE-2026-34976
ozks,0.0052387920,50,CVE-2026-34986
ozks,0.0082508750,96,CVE-2026-34992
ozks,0.0039339170,33,CVE-2026-35036
ozks,0.0037148340,33,CVE-2026-35037
ozks,0.0059397920,61,CVE-2026-35039
ozks,0.0059744580,61,CVE-2026-35042
ozks,0.0202667080,268,CVE-2026-35166
ozks,0.0034108330,28,CVE-2026-35209
ozks,0.0036407500,31,CVE-2026-33817
ozks,0.0057882910,59,CVE-2026-35172
ozks,0.0550221660,732,CVE-2026-35200
ozks,0.0044429170,39,CVE-2026-34972
ozks,0.0010852920,6,CVE-2026-35213
ozks,0.0049135420,47,CVE-2026-35392
ozks,0.0048594160,47,CVE-2026-35393
ozks,0.0048255000,46,CVE-2026-35394
ozks,0.0246029580,326,CVE-2026-35408
ozks,0.0244632500,324,CVE-2026-35409
ozks,0.0244760830,325,CVE-2026-35410
ozks,0.0245163340,325,CVE-2026-35411
ozks,0.0244959590,325,CVE-2026-35412
ozks,0.0246981660,325,CVE-2026-35413
ozks,0.0246452080,326,CVE-2026-35441
ozks,0.0246402500,326,CVE-2026-35442
ozks,0.0008529170,5,CVE-2026-35454
ozks,0.0055657080,47,CVE-2026-35471
ozks,0.0279519170,371,CVE-2026-33227
ozks,0.0144960830,191,CVE-2026-34197
ozks,0.0040183750,35,CVE-2026-35554
ozks,0.0027999160,21,CVE-2026-35405
ozks,0.0026796250,21,CVE-2026-35457
ozks,0.0053932080,54,CVE-2026-35458
ozks,0.0033311660,26,CVE-2026-35480
ozks,0.0026822500,19,CVE-2026-4740
ozks,0.0043076250,39,CVE-2026-33816
ozks,0.0327635830,434,CVE-2026-35515
ozks,0.0045990000,42,CVE-2026-35571
ozks,0.0018128750,12,CVE-2026-27314
ozks,0.0026736670,20,CVE-2026-27315
ozks,0.0042352920,38,CVE-2026-32588
ozks,0.0045782910,42,CVE-2026-35580
ozks,0.0045140830,42,CVE-2026-35581
ozks,0.0045533340,42,CVE-2026-35583
ozks,0.0113077080,143,CVE-2026-35585
ozks,0.0111697500,142,CVE-2026-35604
ozks,0.0110388750,142,CVE-2026-35605
ozks,0.0111206250,142,CVE-2026-35606
ozks,0.0110575000,142,CVE-2026-35607
ozks,0.0003142080,1,CVE-2026-35613
ozks,0.0556305000,739,CVE-2026-39321
ozks,0.0003824580,2,CVE-2026-39360
ozks,0.0004250000,2,CVE-2026-5736
ozks,0.0003046670,1,CVE-2025-56015
ozks,0.0816077920,1085,CVE-2026-39356
ozks,0.0067986250,89,CVE-2026-39363
ozks,0.0025791250,29,CVE-2026-39364
ozks,0.0527734580,698,CVE-2026-39365
ozks,0.0034880000,33,CVE-2026-39371
ozks,0.0271701660,360,CVE-2026-39381
ozks,0.0043580420,39,CVE-2026-39395
ozks,0.0226693330,298,CVE-2026-3566
ozks,0.0004323750,2,CVE-2026-5739
ozks,0.0009265840,5,CVE-2026-29181
ozks,0.0042518330,38,CVE-2026-33439
ozks,0.0036116250,32,CVE-2026-35533
ozks,0.0035446660,29,CVE-2026-39397
ozks,0.1245490420,1658,CVE-2026-34765
ozks,0.1246228750,1658,CVE-2026-34781
ozks,0.0007115000,3,CVE-2026-35406
ozks,0.0017849170,12,CVE-2026-35568
ozks,0.0196803750,261,CVE-2026-3357
ozks,0.0083152080,96,CVE-2026-3499
ozks,0.6167858340,8209,CVE-2026-3477
ozks,0.0041897500,36,CVE-2026-2481
ozks,0.0141061250,186,CVE-2026-5795
ozks,0.0075357910,81,CVE-2026-39406
ozks,0.0315580830,418,CVE-2026-39407
ozks,0.0123940000,163,CVE-2026-39408
ozks,0.0315773750,418,CVE-2026-39409
ozks,0.0315407920,418,CVE-2026-39410
ozks,0.0004374170,2,CVE-2026-39865
ozks,0.0034578340,28,CVE-2026-27806
ozks,0.0167946250,222,CVE-2026-34166
ozks,0.0044430830,43,CVE-2026-23869
ozks,0.0168381250,222,CVE-2026-35525
ozks,0.0323380000,429,CVE-2026-39411
ozks,0.0168763330,223,CVE-2026-39412
ozks,0.0170050420,224,CVE-2026-39859
ozks,0.0060890410,60,CVE-2026-39429
ozks,0.0104941660,133,CVE-2026-39882
ozks,0.0037232090,33,CVE-2026-39883
ozks,0.0088207500,106,CVE-2026-39885
ozks,0.0226663750,300,CVE-2026-39901
ozks,0.0063161670,73,CVE-2026-40037
ozks,0.0088991670,107,CVE-2026-3199
ozks,0.0012598750,8,CVE-2026-5831
ozks,0.0005201250,2,CVE-2026-5832
ozks,0.0005151250,2,CVE-2026-5833
ozks,0.0108927080,139,CVE-2026-5842
ozks,0.0015580830,10,CVE-2025-62188
ozks,0.0046934160,42,CVE-2026-4660
ozks,0.0102524160,129,CVE-2025-62718
ozks,0.0027917910,22,CVE-2026-33005
ozks,0.0009615840,6,CVE-2026-33266
ozks,0.0036334580,30,CVE-2026-34020
ozks,0.0060361660,62,CVE-2026-35040
ozks,0.0015839580,10,CVE-2026-35041
ozks,0.0016991250,11,CVE-2026-35204
ozks,0.0010025830,11,CVE-2026-35205
ozks,0.0014471660,8,CVE-2026-39398
ozks,0.0247236670,326,CVE-2026-39942
ozks,0.0245569160,326,CVE-2026-39943
ozks,0.0085642500,99,CVE-2026-39972
ozks,0.0142379170,187,CVE-2026-39974
ozks,0.0042860000,45,CVE-2026-40046
ozks,0.0219742500,291,CVE-2026-39315
ozks,0.0013375000,8,CVE-2026-39961
ozks,0.0002526670,1,CVE-2026-39983
ozks,0.0134845000,178,CVE-2026-34941
ozks,0.0135324160,178,CVE-2026-34942
ozks,0.0134475410,178,CVE-2026-34943
ozks,0.0135466250,178,CVE-2026-34944
ozks,0.0054300840,56,CVE-2026-34945
ozks,0.0055358330,56,CVE-2026-34946
ozks,0.0043275000,41,CVE-2026-34971
ozks,0.0002601250,1,CVE-2026-34983
ozks,0.0054621250,56,CVE-2026-34987
ozks,0.0052173340,49,CVE-2026-34988
ozks,0.0055562080,56,CVE-2026-35186
ozks,0.0135191250,178,CVE-2026-35195
ozks,0.0582292500,774,CVE-2026-24880
ozks,0.0580275420,771,CVE-2026-25854
ozks,0.0016287080,9,CVE-2026-29129
ozks,0.0266089160,348,CVE-2026-29145
ozks,0.0287950420,382,CVE-2026-29146
ozks,0.0026978750,18,CVE-2026-32990
ozks,0.0375142090,495,CVE-2026-34483
ozks,0.0009645420,6,CVE-2026-34486
ozks,0.0422860840,561,CVE-2026-34487
ozks,0.0188502500,249,CVE-2026-34500
ozks,0.0067227910,72,CVE-2026-40077
ozks,0.0115538340,149,CVE-2026-35206
ozks,0.0006045410,3,CVE-2026-40093
ozks,0.0083477080,97,CVE-2026-40109
ozks,0.0055956250,63,CVE-2026-35617
ozks,0.0052855840,59,CVE-2026-35618
ozks,0.0050177500,55,CVE-2026-35622
ozks,0.0054583750,63,CVE-2026-35623
ozks,0.0050355840,55,CVE-2026-35624
ozks,0.0050516670,55,CVE-2026-35626
ozks,0.0050210830,55,CVE-2026-35627
ozks,0.0055639170,63,CVE-2026-35628
ozks,0.0056595830,64,CVE-2026-35629
ozks,0.0035252920,35,CVE-2026-35632
ozks,0.0050027500,55,CVE-2026-35633
ozks,0.0053829580,59,CVE-2026-35634
ozks,0.0050262090,55,CVE-2026-35635
ozks,0.0050158750,55,CVE-2026-35637
ozks,0.0050132920,55,CVE-2026-35639
ozks,0.0055705410,64,CVE-2026-35640
ozks,0.0055356670,63,CVE-2026-35645
ozks,0.0056631670,64,CVE-2026-35646
ozks,0.0028034580,22,CVE-2026-5986
ozks,0.0009024580,7,CVE-2026-6011
ozks,0.0002693340,1,CVE-2026-22750
ozks,0.0289492090,383,CVE-2026-39304
ozks,0.0444277910,591,CVE-2025-5804
ozks,0.0043333750,37,CVE-2026-34477
ozks,0.0022928750,17,CVE-2026-34478
ozks,0.0068799170,74,CVE-2026-34480
ozks,0.0034245000,28,CVE-2026-34481
ozks,0.0036812500,31,CVE-2026-34727
ozks,0.0035649170,31,CVE-2026-35594
ozks,0.0035174170,31,CVE-2026-35595
ozks,0.0035264160,31,CVE-2026-35596
ozks,0.0039847920,31,CVE-2026-35597
ozks,0.0036332500,31,CVE-2026-35598
ozks,0.0035035420,31,CVE-2026-35599
ozks,0.0035346670,31,CVE-2026-35600
ozks,0.0037310840,31,CVE-2026-35601
ozks,0.0035712500,31,CVE-2026-35602
ozks,0.0053973340,60,CVE-2026-35619
ozks,0.0055090830,62,CVE-2026-35620
ozks,0.0054145000,60,CVE-2026-35621
ozks,0.0001797080,1,CVE-2026-35641
ozks,0.0050395840,55,CVE-2026-35643
ozks,0.0056272500,63,CVE-2026-35647
ozks,0.0050366250,55,CVE-2026-35648
ozks,0.0050332910,55,CVE-2026-35649
ozks,0.0050366250,55,CVE-2026-35650
ozks,0.0039305840,41,CVE-2026-35651
ozks,0.0050870000,55,CVE-2026-35652
ozks,0.0055702910,62,CVE-2026-35653
ozks,0.0055391670,63,CVE-2026-35654
ozks,0.0050333750,55,CVE-2026-35655
ozks,0.0050228750,55,CVE-2026-35656
ozks,0.0055622090,63,CVE-2026-35657
ozks,0.0042105830,44,CVE-2026-35658
ozks,0.0050201250,55,CVE-2026-35659
ozks,0.0053691250,59,CVE-2026-35660
ozks,0.0056485000,63,CVE-2026-35661
ozks,0.0050210830,55,CVE-2026-35662
ozks,0.0055153750,63,CVE-2026-35663
ozks,0.0055424580,63,CVE-2026-35664
ozks,0.0055635000,62,CVE-2026-35665
ozks,0.0049880830,55,CVE-2026-35666
ozks,0.0054969170,62,CVE-2026-35667
ozks,0.0055589170,62,CVE-2026-35668
ozks,0.0055923330,63,CVE-2026-35669
ozks,0.0050363340,55,CVE-2026-35670
ozks,0.0707849160,939,CVE-2026-40073
ozks,0.0708051250,939,CVE-2026-40074
ozks,0.0050555410,51,CVE-2026-40097
ozks,0.0037469160,31,CVE-2026-40103
ozks,0.0453788750,601,CVE-2026-40163
ozks,0.0103250830,129,CVE-2026-40175
ozks,0.0080299590,92,CVE-2026-40180
ozks,0.0011159580,7,CVE-2026-40188
ozks,0.0048070840,47,CVE-2026-40189
ozks,0.0304817500,404,CVE-2026-40190
ozks,0.0014069580,9,CVE-2026-40242
ozks,0.0331385410,439,CVE-2026-5724
ozks,0.0221147090,293,CVE-2026-4150
ozks,0.0334468750,444,CVE-2026-4152
ozks,0.0097047500,125,CVE-2026-3358
ozks,0.0063250840,66,CVE-2026-6125
ozks,0.0027515410,21,CVE-2026-35337
ozks,0.0027207500,21,CVE-2026-35565
ozks,0.0004498750,2,CVE-2026-34476
ozks,0.0199417500,264,CVE-2026-28291
ozks,0.0172949170,228,CVE-2026-6216
ozks,0.0006038750,3,CVE-2026-34069
ozks,0.0105148330,132,CVE-2026-34984
ozks,0.0028147500,21,CVE-2026-33929
ozks,0.0066035840,70,CVE-2025-13822
ozks,0.0083841670,94,CVE-2026-2332
ozks,0.0043684160,50,CVE-2025-61260
ozks,0.0109660420,138,CVE-2026-37980
ozks,0.0022797920,15,CVE-2026-2401
ozks,0.1281602500,1708,CVE-2026-2405
ozks,0.0063483330,64,CVE-2026-33414
ozks,0.0013977080,9,CVE-2026-34454
ozks,0.0036925830,33,CVE-2026-34457
ozks,0.0021331250,17,CVE-2026-33806
ozks,0.0049234160,47,CVE-2026-39842
ozks,0.0066872910,69,CVE-2026-39884
ozks,0.0011110410,6,CVE-2026-39984
ozks,0.0111954170,134,CVE-2026-40090
ozks,0.0009327500,5,CVE-2026-40091
ozks,0.0039586250,33,CVE-2026-0636
ozks,0.0024155410,16,CVE-2026-33807
ozks,0.0021712920,16,CVE-2026-33808
ozks,0.0095487910,119,CVE-2026-5588
ozks,0.0047377080,43,CVE-2026-5598
ozks,0.0006041660,3,CVE-2026-30778
ozks,0.0070235840,76,CVE-2026-33805
ozks,0.0026067090,21,CVE-2026-5758
ozks,0.0071787500,78,CVE-2026-6290
ozks,0.0258217500,330,CVE-2026-6383
ozks,0.0111598750,145,CVE-2025-41118
ozks,0.0043358750,37,CVE-2026-21726
ozks,0.0852391660,1123,CVE-2026-33877
ozks,0.0851803340,1123,CVE-2026-33888
ozks,0.0856273330,1123,CVE-2026-33889
ozks,0.0868225830,1122,CVE-2026-35569
ozks,0.0852626250,1122,CVE-2026-39857
ozks,0.0128980420,165,CVE-2026-40173
ozks,0.0003036250,1,CVE-2026-40186
ozks,0.0106062920,134,CVE-2026-40179
ozks,0.0037835420,31,CVE-2026-40193
ozks,0.0021901250,16,CVE-2026-40245
ozks,0.0024463330,18,CVE-2026-3299
ozks,0.0327526670,434,CVE-2026-3551
ozks,0.0016963750,11,CVE-2026-6414
ozks,0.0025554160,17,CVE-2026-6270
ozks,0.0016880410,11,CVE-2026-6410
ozks,0.0298917080,396,CVE-2026-2840
ozks,0.0024019170,17,CVE-2026-33804
ozks,0.0826782910,1099,CVE-2026-3324
ozks,0.0007112500,3,CVE-2026-34164
ozks,0.0011023340,5,CVE-2026-35469
ozks,0.0114169170,146,CVE-2026-39313
ozks,0.0021750420,16,CVE-2026-40246
ozks,0.0021531250,16,CVE-2026-40247
ozks,0.0019835410,16,CVE-2026-40248
ozks,0.0019816250,16,CVE-2026-40249
ozks,0.0334909590,436,CVE-2026-40255
ozks,0.0179530840,238,CVE-2026-3605
ozks,0.0173670830,230,CVE-2026-4525
ozks,0.0058965420,61,CVE-2026-5052
ozks,0.0218025420,289,CVE-2026-5807
ozks,0.0111737920,143,CVE-2026-40458
ozks,0.0053223750,50,CVE-2026-6437
ozks,0.0265013330,350,CVE-2026-35603
ozks,0.0018095830,13,CVE-2026-40155
ozks,0.0085533340,100,CVE-2026-40293
ozks,0.0345331660,459,CVE-2026-40299
ozks,0.0111514580,134,CVE-2026-40302
ozks,0.0107725420,134,CVE-2026-40303
ozks,0.0105490830,134,CVE-2026-40304
ozks,0.0047465000,42,CVE-2026-40477
ozks,0.0046822080,42,CVE-2026-40478
ozks,0.0227745410,301,CVE-2026-40481
ozks,0.0592001670,786,CVE-2026-40346
ozks,0.0048714170,46,CVE-2026-35582
ozks,0.0198924170,264,CVE-2026-40490
ozks,0.3074725830,4098,CVE-2026-2505
ozks,0.0134033750,176,CVE-2026-41242
ozks,0.0019750000,13,CVE-2026-6594
ozks,0.0004452080,2,CVE-2026-33557
ozks,0.0057358330,57,CVE-2026-33558
ozks,0.0134873340,178,CVE-2026-3519
ozks,0.0031969590,26,CVE-2026-41245
ozks,0.0019793340,14,CVE-2026-32604
ozks,0.0140070000,185,CVE-2026-32613
ozks,0.0021463750,14,CVE-2026-35570
ozks,0.0059785410,69,CVE-2026-40045
ozks,0.0056067920,63,CVE-2026-41294
ozks,0.0059981250,69,CVE-2026-41295
ozks,0.0057297910,65,CVE-2026-41296
ozks,0.0056922090,65,CVE-2026-41297
ozks,0.0059900000,69,CVE-2026-41298
ozks,0.0056432920,63,CVE-2026-41299
ozks,0.0056408750,65,CVE-2026-41300
ozks,0.0012893750,11,CVE-2026-41301
ozks,0.0057810830,65,CVE-2026-41302
ozks,0.0056257910,63,CVE-2026-41303
ozks,0.0056697920,65,CVE-2026-41329
ozks,0.0057494160,65,CVE-2026-41330
ozks,0.0057512500,65,CVE-2026-41331
ozks,0.0144956250,191,CVE-2026-39320
ozks,0.0257225000,340,CVE-2026-39861
ozks,0.0004416250,2,CVE-2026-39973
ozks,0.0052705830,50,CVE-2025-1241
ozks,0.0047852500,52,CVE-2026-3298
ozks,0.0097385420,119,CVE-2026-25542
ozks,0.0025914170,21,CVE-2026-40161
ozks,0.0035257090,29,CVE-2026-40574
ozks,0.0090883750,107,CVE-2026-40611
ozks,0.0032952910,26,CVE-2026-22751
ozks,0.0217189590,288,CVE-2026-40868
ozks,0.0055458340,53,CVE-2026-40876
ozks,0.0312645830,414,CVE-2026-40879
ozks,0.0056726660,58,CVE-2026-40880
ozks,0.0057580830,57,CVE-2026-40881
ozks,0.0003713750,2,CVE-2026-40883
ozks,0.0054762500,53,CVE-2026-40884
ozks,0.0003727080,2,CVE-2026-40885
ozks,0.0256956250,341,CVE-2026-40887
ozks,0.0046392080,40,CVE-2026-40910
ozks,0.0178918330,236,CVE-2026-40923
ozks,0.0178853340,236,CVE-2026-40924
ozks,0.0029293750,24,CVE-2026-40938
ozks,0.0034517500,29,CVE-2026-40931
ozks,0.0159862500,206,CVE-2026-40933
ozks,0.0051656670,51,CVE-2026-40939
ozks,0.0031053750,25,CVE-2026-40942
ozks,0.0054064170,53,CVE-2026-40943
ozks,0.0052821250,53,CVE-2026-40944
ozks,0.0054084160,53,CVE-2026-40945
ozks,0.0054028330,53,CVE-2026-40946
ozks,0.0024187080,16,CVE-2026-40343
ozks,0.0025459170,19,CVE-2026-40575
ozks,0.0025312080,19,CVE-2026-41059
ozks,0.0090347910,107,CVE-2026-41131
ozks,0.0025349170,19,CVE-2026-41135
ozks,0.0026137090,20,CVE-2026-41136
ozks,0.0267683330,355,CVE-2026-2714
ozks,0.0371087920,492,CVE-2026-4088
ozks,0.0042491250,38,CVE-2026-4119
ozks,0.0097401250,120,CVE-2026-4121
ozks,0.0531559170,709,CVE-2026-4126
ozks,0.0099802090,130,CVE-2026-4133
ozks,0.0051286670,50,CVE-2026-4142
ozks,0.0169388330,224,CVE-2026-32885
ozks,0.0005992090,3,CVE-2026-33471
ozks,0.0006027080,3,CVE-2026-34064
ozks,0.0007121670,3,CVE-2026-34065
ozks,0.0006004580,3,CVE-2026-34066
ozks,0.0006046250,3,CVE-2026-34067
ozks,0.0005300840,3,CVE-2026-34068
ozks,0.0047766670,47,CVE-2026-40882
ozks,0.0004606670,2,CVE-2026-40937
ozks,0.0049935840,48,CVE-2026-41166
ozks,0.0068876670,74,CVE-2026-41176
ozks,0.0066203330,72,CVE-2026-41179
ozks,0.0019695830,13,CVE-2026-41180
ozks,0.0042304580,38,CVE-2026-41197
ozks,0.0138995420,183,CVE-2026-41208
ozks,0.0085894170,101,CVE-2026-41211
ozks,0.0026854590,22,CVE-2026-3361
ozks,0.0035882910,31,CVE-2026-41238
ozks,0.0083237500,97,CVE-2026-41239
ozks,0.0107985410,136,CVE-2026-41240
ozks,0.0038605000,34,CVE-2026-40886
ozks,0.0025720410,19,CVE-2026-41213
ozks,0.0079665830,90,CVE-2026-41246
ozks,0.0156587500,206,CVE-2026-41137
ozks,0.0155936250,206,CVE-2026-41138
ozks,0.0156298750,206,CVE-2026-41264
ozks,0.0156326670,206,CVE-2026-41265
ozks,0.0085101250,99,CVE-2026-41266
ozks,0.0085257920,99,CVE-2026-41267
ozks,0.0156130830,206,CVE-2026-41268
ozks,0.0084328330,99,CVE-2026-41269
ozks,0.0157011670,206,CVE-2026-41271
ozks,0.0156252500,206,CVE-2026-41272
ozks,0.0084454170,99,CVE-2026-41273
ozks,0.0084339160,99,CVE-2026-41275
ozks,0.0084812500,99,CVE-2026-41276
ozks,0.0084839590,99,CVE-2026-41277
ozks,0.0084537500,99,CVE-2026-41278
ozks,0.0084350410,99,CVE-2026-41279
ozks,0.0156012500,206,CVE-2026-41274
ozks,0.0039871670,33,CVE-2026-29050
ozks,0.0037087920,33,CVE-2026-29051
ozks,0.0244245000,323,CVE-2026-33318
ozks,0.0206444160,273,CVE-2026-41305
ozks,0.0220205420,291,CVE-2026-41068
ozks,0.0218188340,288,CVE-2026-41323
ozks,0.0096332910,116,CVE-2026-41324
ozks,0.0053254580,52,CVE-2026-41485
ozks,0.0188460000,250,CVE-2026-3565
ozks,0.0028270000,27,CVE-2026-40897
ozks,0.0987357920,1312,CVE-2026-41067
ozks,0.0189266670,249,CVE-2026-41321
ozks,0.0121237080,158,CVE-2026-41322
ozks,0.0071261250,78,CVE-2026-41676
ozks,0.0086827500,103,CVE-2026-41677
ozks,0.0054230420,54,CVE-2026-41678
ozks,0.0041318330,39,CVE-2026-41681
ozks,0.0025120840,19,CVE-2026-33524
ozks,0.0132057080,167,CVE-2026-41327
ozks,0.0127260410,167,CVE-2026-41328
ozks,0.0127148330,167,CVE-2026-41492
ozks,0.0011454590,6,CVE-2026-2265
ozks,0.1627226250,2168,CVE-2026-33949
ozks,0.0055577500,56,CVE-2026-33990
ozks,0.1627192090,2168,CVE-2026-34603
ozks,0.1631088750,2167,CVE-2026-34604
ozks,0.0302208340,401,CVE-2026-34076
ozks,0.2214777920,2925,CVE-2026-34751
ozks,0.0330433330,438,CVE-2026-5199
ozks,0.1295275000,1716,CVE-2026-34746
ozks,0.1289000420,1716,CVE-2026-34747
ozks,0.0900374580,1197,CVE-2026-34748
ozks,0.1288283330,1716,CVE-2026-34749
ozks,0.2832380410,3710,CVE-2026-34750
ozks,0.0109918330,140,CVE-2026-34528
ozks,0.0109931250,140,CVE-2026-34529
ozks,0.0113062500,140,CVE-2026-34530
ozks,0.0009142920,4,CVE-2026-5323
ozks,0.0049728330,47,CVE-2026-5327
ozks,0.0109208340,139,CVE-2026-3872
ozks,0.0109395840,139,CVE-2026-4282
ozks,0.0109017920,139,CVE-2026-4325
ozks,0.0109376250,139,CVE-2026-4634
ozks,0.0109586660,139,CVE-2026-4636
ozks,0.0019790000,13,CVE-2026-33544
ozks,0.0142769170,189,CVE-2026-33950
ozks,0.0142481250,188,CVE-2026-33951
ozks,0.0020505840,15,CVE-2026-34083
ozks,0.0144413750,190,CVE-2026-35038
ozks,0.0074946670,83,CVE-2026-34522
ozks,0.0073852920,83,CVE-2026-34523
ozks,0.0073656250,83,CVE-2026-34524
ozks,0.0074200830,83,CVE-2026-34526
ozks,0.0066322920,71,CVE-2026-34601
ozks,0.0019708330,16,CVE-2026-34725
ozks,0.0059973750,69,CVE-2026-34425
ozks,0.0049441250,55,CVE-2026-34426
ozks,0.0009063750,4,CVE-2026-34581
ozks,0.0025536250,19,CVE-2026-34742
ozks,0.0091410000,110,CVE-2026-34752
ozks,0.0041697080,37,CVE-2026-34761
ozks,0.0041308750,37,CVE-2026-34762
ozks,0.0589503750,778,CVE-2026-34825
ozks,0.1003356250,1335,CVE-2026-5467
ozks,0.0093287910,112,CVE-2026-25773
ozks,0.0092573330,112,CVE-2026-28736
ozks,0.1004005420,1335,CVE-2026-5468
ozks,0.1003025000,1335,CVE-2026-5469
ozks,0.2332564160,3110,CVE-2026-25044
ozks,0.1875575000,2505,CVE-2026-31818
ozks,0.2340036250,3110,CVE-2026-35214
ozks,0.2367979590,3110,CVE-2026-35216
ozks,0.0059895420,69,CVE-2026-34511
ozks,0.1254532500,1637,CVE-2026-34766
ozks,0.1242287920,1648,CVE-2026-34767
ozks,0.1236661250,1639,CVE-2026-34768
ozks,0.1242458750,1637,CVE-2026-34769
ozks,0.1231000000,1639,CVE-2026-34770
ozks,0.1240394590,1637,CVE-2026-34771
ozks,0.1232684580,1636,CVE-2026-34772
ozks,0.1231257920,1641,CVE-2026-34773
ozks,0.1237524580,1640,CVE-2026-34774
ozks,0.1238229590,1647,CVE-2026-34775
ozks,0.1231850000,1641,CVE-2026-34776
ozks,0.1247895420,1641,CVE-2026-34777
ozks,0.1236970840,1641,CVE-2026-34778
ozks,0.1229718330,1639,CVE-2026-34779
ozks,0.0061325840,71,CVE-2026-34780
ozks,0.0037734170,31,CVE-2026-2826
ozks,0.0007761660,4,CVE-2026-5602
ozks,0.0006052500,3,CVE-2026-5603
ozks,0.0109843330,140,CVE-2026-37977
ozks,0.0059508340,59,CVE-2026-33540
ozks,0.0831944170,1109,CVE-2026-34148
ozks,0.0068912500,72,CVE-2026-34208
ozks,0.0067459580,72,CVE-2026-34211
ozks,0.0068896670,72,CVE-2026-34217
ozks,0.0253949170,336,CVE-2026-34764
ozks,0.0048960420,45,CVE-2026-34940
ozks,0.0060292080,61,CVE-2026-34950
ozks,0.0091473340,110,CVE-2026-34841
ozks,0.0114548750,145,CVE-2026-34976
ozks,0.0052194170,50,CVE-2026-34986
ozks,0.0082481250,96,CVE-2026-34992
ozks,0.0039566250,33,CVE-2026-35036
ozks,0.0037235410,33,CVE-2026-35037
ozks,0.0060055000,61,CVE-2026-35039
ozks,0.0059145420,61,CVE-2026-35042
ozks,0.0202885000,268,CVE-2026-35166
ozks,0.0034626670,28,CVE-2026-35209
ozks,0.0037837500,31,CVE-2026-33817
ozks,0.0058495830,59,CVE-2026-35172
ozks,0.0549859580,732,CVE-2026-35200
ozks,0.0041728330,39,CVE-2026-34972
ozks,0.0010923340,6,CVE-2026-35213
ozks,0.0050893750,47,CVE-2026-35392
ozks,0.0049223340,47,CVE-2026-35393
ozks,0.0049323330,46,CVE-2026-35394
ozks,0.0245863340,326,CVE-2026-35408
ozks,0.0244473750,324,CVE-2026-35409
ozks,0.0246691250,325,CVE-2026-35410
ozks,0.0245498750,325,CVE-2026-35411
ozks,0.0246257500,325,CVE-2026-35412
ozks,0.0244944170,325,CVE-2026-35413
ozks,0.0246287910,326,CVE-2026-35441
ozks,0.0246770420,326,CVE-2026-35442
ozks,0.0009474170,5,CVE-2026-35454
ozks,0.0048260000,47,CVE-2026-35471
ozks,0.0279840000,371,CVE-2026-33227
ozks,0.0145416670,191,CVE-2026-34197
ozks,0.0041896660,35,CVE-2026-35554
ozks,0.0028276250,21,CVE-2026-35405
ozks,0.0026276250,21,CVE-2026-35457
ozks,0.0056142500,54,CVE-2026-35458
ozks,0.0032474580,26,CVE-2026-35480
ozks,0.0025661250,19,CVE-2026-4740
ozks,0.0041090000,39,CVE-2026-33816
ozks,0.0333428750,434,CVE-2026-35515
ozks,0.0044972500,42,CVE-2026-35571
ozks,0.0018262090,12,CVE-2026-27314
ozks,0.0026572920,20,CVE-2026-27315
ozks,0.0045051250,38,CVE-2026-32588
ozks,0.0046218750,42,CVE-2026-35580
ozks,0.0045135000,42,CVE-2026-35581
ozks,0.0045675000,42,CVE-2026-35583
ozks,0.0112893330,143,CVE-2026-35585
ozks,0.0110521660,142,CVE-2026-35604
ozks,0.0111181250,142,CVE-2026-35605
ozks,0.0110485840,142,CVE-2026-35606
ozks,0.0110354580,142,CVE-2026-35607
ozks,0.0003050000,1,CVE-2026-35613
ozks,0.0555534580,739,CVE-2026-39321
ozks,0.0003854170,2,CVE-2026-39360
ozks,0.0004364590,2,CVE-2026-5736
ozks,0.0003058750,1,CVE-2025-56015
ozks,0.0816506250,1085,CVE-2026-39356
ozks,0.0068884580,89,CVE-2026-39363
ozks,0.0024444170,29,CVE-2026-39364
ozks,0.0524475420,698,CVE-2026-39365
ozks,0.0035056670,33,CVE-2026-39371
ozks,0.0271678750,360,CVE-2026-39381
ozks,0.0043960420,39,CVE-2026-39395
ozks,0.0224937500,298,CVE-2026-3566
ozks,0.0004496660,2,CVE-2026-5739
ozks,0.0008232920,5,CVE-2026-29181
ozks,0.0042607920,38,CVE-2026-33439
ozks,0.0028233330,32,CVE-2026-35533
ozks,0.0035109160,29,CVE-2026-39397
ozks,0.1251590000,1658,CVE-2026-34765
ozks,0.1245663750,1658,CVE-2026-34781
ozks,0.0005922920,3,CVE-2026-35406
ozks,0.0018407080,12,CVE-2026-35568
ozks,0.0200982090,261,CVE-2026-3357
ozks,0.0082928750,96,CVE-2026-3499
ozks,0.6162687080,8209,CVE-2026-3477
ozks,0.0040840000,36,CVE-2026-2481
ozks,0.0141240420,186,CVE-2026-5795
ozks,0.0074131670,81,CVE-2026-39406
ozks,0.0315402500,418,CVE-2026-39407
ozks,0.0124057500,163,CVE-2026-39408
ozks,0.0315225000,418,CVE-2026-39409
ozks,0.0317025000,418,CVE-2026-39410
ozks,0.0004410830,2,CVE-2026-39865
ozks,0.0034341670,28,CVE-2026-27806
ozks,0.0168646250,222,CVE-2026-34166
ozks,0.0044235830,43,CVE-2026-23869
ozks,0.0168570840,222,CVE-2026-35525
ozks,0.0323980830,429,CVE-2026-39411
ozks,0.0169404580,223,CVE-2026-39412
ozks,0.0169621660,224,CVE-2026-39859
ozks,0.0060416670,60,CVE-2026-39429
ozks,0.0105983340,133,CVE-2026-39882
ozks,0.0037309590,33,CVE-2026-39883
ozks,0.0090456670,106,CVE-2026-39885
ozks,0.0227506250,300,CVE-2026-39901
ozks,0.0063135000,73,CVE-2026-40037
ozks,0.0086299580,107,CVE-2026-3199
ozks,0.0014390420,8,CVE-2026-5831
ozks,0.0005202500,2,CVE-2026-5832
ozks,0.0004880830,2,CVE-2026-5833
ozks,0.0109399170,139,CVE-2026-5842
ozks,0.0015556250,10,CVE-2025-62188
ozks,0.0046576250,42,CVE-2026-4660
ozks,0.0103661250,129,CVE-2025-62718
ozks,0.0027277080,22,CVE-2026-33005
ozks,0.0010075830,6,CVE-2026-33266
ozks,0.0035567080,30,CVE-2026-34020
ozks,0.0061036670,62,CVE-2026-35040
ozks,0.0015679580,10,CVE-2026-35041
ozks,0.0017021250,11,CVE-2026-35204
ozks,0.0015195420,11,CVE-2026-35205
ozks,0.0013606250,8,CVE-2026-39398
ozks,0.0246177500,326,CVE-2026-39942
ozks,0.0245841670,326,CVE-2026-39943
ozks,0.0085583750,99,CVE-2026-39972
ozks,0.0141687500,187,CVE-2026-39974
ozks,0.0049045420,45,CVE-2026-40046
ozks,0.0219640000,291,CVE-2026-39315
ozks,0.0014537910,8,CVE-2026-39961
ozks,0.0002611250,1,CVE-2026-39983
ozks,0.0135253750,178,CVE-2026-34941
ozks,0.0135140410,178,CVE-2026-34942
ozks,0.0135238330,178,CVE-2026-34943
ozks,0.0135339170,178,CVE-2026-34944
ozks,0.0055514170,56,CVE-2026-34945
ozks,0.0054280000,56,CVE-2026-34946
ozks,0.0043295420,41,CVE-2026-34971
ozks,0.0002296250,1,CVE-2026-34983
ozks,0.0055155420,56,CVE-2026-34987
ozks,0.0049070420,49,CVE-2026-34988
ozks,0.0054582920,56,CVE-2026-35186
ozks,0.0135252910,178,CVE-2026-35195
ozks,0.0585117500,774,CVE-2026-24880
ozks,0.0580547500,771,CVE-2026-25854
ozks,0.0014380000,9,CVE-2026-29129
ozks,0.0262742920,348,CVE-2026-29145
ozks,0.0287429170,382,CVE-2026-29146
ozks,0.0023971670,18,CVE-2026-32990
ozks,0.0373480410,495,CVE-2026-34483
ozks,0.0009677080,6,CVE-2026-34486
ozks,0.0423349170,561,CVE-2026-34487
ozks,0.0189177920,249,CVE-2026-34500
ozks,0.0069238340,72,CVE-2026-40077
ozks,0.0115562500,149,CVE-2026-35206
ozks,0.0005985840,3,CVE-2026-40093
ozks,0.0083917920,97,CVE-2026-40109
ozks,0.0055418750,63,CVE-2026-35617
ozks,0.0053423330,59,CVE-2026-35618
ozks,0.0050509170,55,CVE-2026-35622
ozks,0.0055776670,63,CVE-2026-35623
ozks,0.0050359580,55,CVE-2026-35624
ozks,0.0050263330,55,CVE-2026-35626
ozks,0.0050317500,55,CVE-2026-35627
ozks,0.0054847920,63,CVE-2026-35628
ozks,0.0056667090,64,CVE-2026-35629
ozks,0.0035105840,35,CVE-2026-35632
ozks,0.0049710410,55,CVE-2026-35633
ozks,0.0053325000,59,CVE-2026-35634
ozks,0.0050124580,55,CVE-2026-35635
ozks,0.0050239170,55,CVE-2026-35637
ozks,0.0050007500,55,CVE-2026-35639
ozks,0.0057232080,64,CVE-2026-35640
ozks,0.0055675000,63,CVE-2026-35645
ozks,0.0057461670,64,CVE-2026-35646
ozks,0.0029032500,22,CVE-2026-5986
ozks,0.0009097500,7,CVE-2026-6011
ozks,0.0002624580,1,CVE-2026-22750
ozks,0.0289047080,383,CVE-2026-39304
ozks,0.0444626250,591,CVE-2025-5804
ozks,0.0043875830,37,CVE-2026-34477
ozks,0.0024302080,17,CVE-2026-34478
ozks,0.0069359590,74,CVE-2026-34480
ozks,0.0035056670,28,CVE-2026-34481
ozks,0.0037193750,31,CVE-2026-34727
ozks,0.0035597090,31,CVE-2026-35594
ozks,0.0034898330,31,CVE-2026-35595
ozks,0.0037185000,31,CVE-2026-35596
ozks,0.0034894580,31,CVE-2026-35597
ozks,0.0035422500,31,CVE-2026-35598
ozks,0.0035755420,31,CVE-2026-35599
ozks,0.0036769580,31,CVE-2026-35600
ozks,0.0035097500,31,CVE-2026-35601
ozks,0.0035415420,31,CVE-2026-35602
ozks,0.0054317920,60,CVE-2026-35619
ozks,0.0055765000,62,CVE-2026-35620
ozks,0.0054917500,60,CVE-2026-35621
ozks,0.0002110840,1,CVE-2026-35641
ozks,0.0050291250,55,CVE-2026-35643
ozks,0.0056806250,63,CVE-2026-35647
ozks,0.0049505420,55,CVE-2026-35648
ozks,0.0049142500,55,CVE-2026-35649
ozks,0.0050181250,55,CVE-2026-35650
ozks,0.0040164580,41,CVE-2026-35651
ozks,0.0050159170,55,CVE-2026-35652
ozks,0.0055695000,62,CVE-2026-35653
ozks,0.0054785830,63,CVE-2026-35654
ozks,0.0050322090,55,CVE-2026-35655
ozks,0.0050211250,55,CVE-2026-35656
ozks,0.0060187500,63,CVE-2026-35657
ozks,0.0041975830,44,CVE-2026-35658
ozks,0.0049865410,55,CVE-2026-35659
ozks,0.0052698750,59,CVE-2026-35660
ozks,0.0056516250,63,CVE-2026-35661
ozks,0.0050305830,55,CVE-2026-35662
ozks,0.0056631660,63,CVE-2026-35663
ozks,0.0056053340,63,CVE-2026-35664
ozks,0.0055855410,62,CVE-2026-35665
ozks,0.0050180000,55,CVE-2026-35666
ozks,0.0055914580,62,CVE-2026-35667
ozks,0.0055483340,62,CVE-2026-35668
ozks,0.0055938340,63,CVE-2026-35669
ozks,0.0050349580,55,CVE-2026-35670
ozks,0.0707299170,939,CVE-2026-40073
ozks,0.0705865420,939,CVE-2026-40074
ozks,0.0054383340,51,CVE-2026-40097
ozks,0.0045197500,31,CVE-2026-40103
ozks,0.0455349590,601,CVE-2026-40163
ozks,0.0102630420,129,CVE-2026-40175
ozks,0.0081562500,92,CVE-2026-40180
ozks,0.0012790000,7,CVE-2026-40188
ozks,0.0048648750,47,CVE-2026-40189
ozks,0.0304573750,404,CVE-2026-40190
ozks,0.0016079580,9,CVE-2026-40242
ozks,0.0331047920,439,CVE-2026-5724
ozks,0.0221473340,293,CVE-2026-4150
ozks,0.0334597090,444,CVE-2026-4152
ozks,0.0098032090,125,CVE-2026-3358
ozks,0.0063509590,66,CVE-2026-6125
ozks,0.0027778340,21,CVE-2026-35337
ozks,0.0027111250,21,CVE-2026-35565
ozks,0.0005190840,2,CVE-2026-34476
ozks,0.0199502090,264,CVE-2026-28291
ozks,0.0172606670,228,CVE-2026-6216
ozks,0.0006019590,3,CVE-2026-34069
ozks,0.0105671670,132,CVE-2026-34984
ozks,0.0027911250,21,CVE-2026-33929
ozks,0.0066102920,70,CVE-2025-13822
ozks,0.0082771670,94,CVE-2026-2332
ozks,0.0043674170,50,CVE-2025-61260
ozks,0.0108622920,138,CVE-2026-37980
ozks,0.0021713340,15,CVE-2026-2401
ozks,0.1282437920,1708,CVE-2026-2405
ozks,0.0063281250,64,CVE-2026-33414
ozks,0.0014043750,9,CVE-2026-34454
ozks,0.0038567090,33,CVE-2026-34457
ozks,0.0022535000,17,CVE-2026-33806
ozks,0.0049717910,47,CVE-2026-39842
ozks,0.0066703330,69,CVE-2026-39884
ozks,0.0010487910,6,CVE-2026-39984
ozks,0.0106587500,134,CVE-2026-40090
ozks,0.0009423330,5,CVE-2026-40091
ozks,0.0037263750,33,CVE-2026-0636
ozks,0.0022250000,16,CVE-2026-33807
ozks,0.0021697080,16,CVE-2026-33808
ozks,0.0099455830,119,CVE-2026-5588
ozks,0.0047590000,43,CVE-2026-5598
ozks,0.0005526250,3,CVE-2026-30778
ozks,0.0070422080,76,CVE-2026-33805
ozks,0.0028022910,21,CVE-2026-5758
ozks,0.0072742090,78,CVE-2026-6290
ozks,0.0249885000,330,CVE-2026-6383
ozks,0.0114370830,145,CVE-2025-41118
ozks,0.0041563340,37,CVE-2026-21726
ozks,0.0843805000,1123,CVE-2026-33877
ozks,0.0844281250,1123,CVE-2026-33888
ozks,0.0843218750,1123,CVE-2026-33889
ozks,0.0842463330,1122,CVE-2026-35569
ozks,0.0843816250,1122,CVE-2026-39857
ozks,0.0128516670,165,CVE-2026-40173
ozks,0.0003075420,1,CVE-2026-40186
ozks,0.0105914170,134,CVE-2026-40179
ozks,0.0037555840,31,CVE-2026-40193
ozks,0.0021827090,16,CVE-2026-40245
ozks,0.0022332080,18,CVE-2026-3299
ozks,0.0326532920,434,CVE-2026-3551
ozks,0.0016923750,11,CVE-2026-6414
ozks,0.0024152920,17,CVE-2026-6270
ozks,0.0016666250,11,CVE-2026-6410
ozks,0.0298060420,396,CVE-2026-2840
ozks,0.0022976660,17,CVE-2026-33804
ozks,0.0823780830,1099,CVE-2026-3324
ozks,0.0006277910,3,CVE-2026-34164
ozks,0.0010940830,5,CVE-2026-35469
ozks,0.0113418340,146,CVE-2026-39313
ozks,0.0021465420,16,CVE-2026-40246
ozks,0.0021750410,16,CVE-2026-40247
ozks,0.0020141660,16,CVE-2026-40248
ozks,0.0021682920,16,CVE-2026-40249
ozks,0.0328453340,436,CVE-2026-40255
ozks,0.0179569170,238,CVE-2026-3605
ozks,0.0174491660,230,CVE-2026-4525
ozks,0.0059337500,61,CVE-2026-5052
ozks,0.0218333330,289,CVE-2026-5807
ozks,0.0112505410,143,CVE-2026-40458
ozks,0.0052700420,50,CVE-2026-6437
ozks,0.0264388750,350,CVE-2026-35603
ozks,0.0011444580,13,CVE-2026-40155
ozks,0.0087002500,100,CVE-2026-40293
ozks,0.0345607090,459,CVE-2026-40299
ozks,0.0105533750,134,CVE-2026-40302
ozks,0.0109272920,134,CVE-2026-40303
ozks,0.0105937500,134,CVE-2026-40304
ozks,0.0046264580,42,CVE-2026-40477
ozks,0.0047617910,42,CVE-2026-40478
ozks,0.0227242500,301,CVE-2026-40481
ozks,0.0590687920,786,CVE-2026-40346
ozks,0.0049815420,46,CVE-2026-35582
ozks,0.0199127500,264,CVE-2026-40490
ozks,0.3067725840,4098,CVE-2026-2505
ozks,0.0133206660,176,CVE-2026-41242
ozks,0.0019720830,13,CVE-2026-6594
ozks,0.0005083750,2,CVE-2026-33557
ozks,0.0058302500,57,CVE-2026-33558
ozks,0.0134283340,178,CVE-2026-3519
ozks,0.0030599170,26,CVE-2026-41245
ozks,0.0019131250,14,CVE-2026-32604
ozks,0.0147600000,185,CVE-2026-32613
ozks,0.0018990420,14,CVE-2026-35570
ozks,0.0059746250,69,CVE-2026-40045
ozks,0.0056320840,63,CVE-2026-41294
ozks,0.0060811670,69,CVE-2026-41295
ozks,0.0057752500,65,CVE-2026-41296
ozks,0.0056919160,65,CVE-2026-41297
ozks,0.0059573750,69,CVE-2026-41298
ozks,0.0055752080,63,CVE-2026-41299
ozks,0.0056355830,65,CVE-2026-41300
ozks,0.0012931250,11,CVE-2026-41301
ozks,0.0056515000,65,CVE-2026-41302
ozks,0.0056409160,63,CVE-2026-41303
ozks,0.0057054590,65,CVE-2026-41329
ozks,0.0057237500,65,CVE-2026-41330
ozks,0.0058062910,65,CVE-2026-41331
ozks,0.0144849580,191,CVE-2026-39320
ozks,0.0256781250,340,CVE-2026-39861
ozks,0.0004399170,2,CVE-2026-39973
ozks,0.0052715000,50,CVE-2025-1241
ozks,0.0047557080,52,CVE-2026-3298
ozks,0.0098496660,119,CVE-2026-25542
ozks,0.0027278330,21,CVE-2026-40161
ozks,0.0035879590,29,CVE-2026-40574
ozks,0.0090374590,107,CVE-2026-40611
ozks,0.0033720840,26,CVE-2026-22751
ozks,0.0217109590,288,CVE-2026-40868
ozks,0.0054834580,53,CVE-2026-40876
ozks,0.0312148750,414,CVE-2026-40879
ozks,0.0058880000,58,CVE-2026-40880
ozks,0.0054977500,57,CVE-2026-40881
ozks,0.0004230420,2,CVE-2026-40883
ozks,0.0052882080,53,CVE-2026-40884
ozks,0.0003732080,2,CVE-2026-40885
ozks,0.0256939590,341,CVE-2026-40887
ozks,0.0051504170,40,CVE-2026-40910
ozks,0.0178665410,236,CVE-2026-40923
ozks,0.0178252500,236,CVE-2026-40924
ozks,0.0029397090,24,CVE-2026-40938
ozks,0.0035489580,29,CVE-2026-40931
ozks,0.0156125830,206,CVE-2026-40933
ozks,0.0053120000,51,CVE-2026-40939
ozks,0.0032320830,25,CVE-2026-40942
ozks,0.0054749590,53,CVE-2026-40943
ozks,0.0054135000,53,CVE-2026-40944
ozks,0.0053117080,53,CVE-2026-40945
ozks,0.0052956660,53,CVE-2026-40946
ozks,0.0023576670,16,CVE-2026-40343
ozks,0.0024562080,19,CVE-2026-40575
ozks,0.0025470840,19,CVE-2026-41059
ozks,0.0090532920,107,CVE-2026-41131
ozks,0.0025184590,19,CVE-2026-41135
ozks,0.0026892920,20,CVE-2026-41136
ozks,0.0267419160,355,CVE-2026-2714
ozks,0.0370311660,492,CVE-2026-4088
ozks,0.0042495830,38,CVE-2026-4119
ozks,0.0097602500,120,CVE-2026-4121
ozks,0.0534999580,709,CVE-2026-4126
ozks,0.0100163330,130,CVE-2026-4133
ozks,0.0052831660,50,CVE-2026-4142
ozks,0.0169440000,224,CVE-2026-32885
ozks,0.0006067910,3,CVE-2026-33471
ozks,0.0005985000,3,CVE-2026-34064
ozks,0.0006645830,3,CVE-2026-34065
ozks,0.0005505840,3,CVE-2026-34066
ozks,0.0006082500,3,CVE-2026-34067
ozks,0.0006016250,3,CVE-2026-34068
ozks,0.0049433330,47,CVE-2026-40882
ozks,0.0004337920,2,CVE-2026-40937
ozks,0.0049921250,48,CVE-2026-41166
ozks,0.0069352090,74,CVE-2026-41176
ozks,0.0066815830,72,CVE-2026-41179
ozks,0.0019816670,13,CVE-2026-41180
ozks,0.0040392920,38,CVE-2026-41197
ozks,0.0139239160,183,CVE-2026-41208
ozks,0.0085178330,101,CVE-2026-41211
ozks,0.0026543330,22,CVE-2026-3361
ozks,0.0037455000,31,CVE-2026-41238
ozks,0.0082238750,97,CVE-2026-41239
ozks,0.0107161250,136,CVE-2026-41240
ozks,0.0038926670,34,CVE-2026-40886
ozks,0.0025605000,19,CVE-2026-41213
ozks,0.0079643340,90,CVE-2026-41246
ozks,0.0156320420,206,CVE-2026-41137
ozks,0.0156251660,206,CVE-2026-41138
ozks,0.0156576250,206,CVE-2026-41264
ozks,0.0156307500,206,CVE-2026-41265
ozks,0.0084408750,99,CVE-2026-41266
ozks,0.0084834580,99,CVE-2026-41267
ozks,0.0156212500,206,CVE-2026-41268
ozks,0.0084657080,99,CVE-2026-41269
ozks,0.0156351250,206,CVE-2026-41271
ozks,0.0155645420,206,CVE-2026-41272
ozks,0.0084480000,99,CVE-2026-41273
ozks,0.0084712920,99,CVE-2026-41275
ozks,0.0084661670,99,CVE-2026-41276
ozks,0.0084394580,99,CVE-2026-41277
ozks,0.0084294170,99,CVE-2026-41278
ozks,0.0083265420,99,CVE-2026-41279
ozks,0.0156229170,206,CVE-2026-41274
ozks,0.0037691670,33,CVE-2026-29050
ozks,0.0037016660,33,CVE-2026-29051
ozks,0.0243697920,323,CVE-2026-33318
ozks,0.0209349580,273,CVE-2026-41305
ozks,0.0220353330,291,CVE-2026-41068
ozks,0.0217468750,288,CVE-2026-41323
ozks,0.0094428330,116,CVE-2026-41324
ozks,0.0053628750,52,CVE-2026-41485
ozks,0.0188421660,250,CVE-2026-3565
ozks,0.0028189170,27,CVE-2026-40897
ozks,0.0988593750,1312,CVE-2026-41067
ozks,0.0189057920,249,CVE-2026-41321
ozks,0.0121404160,158,CVE-2026-41322
ozks,0.0070129580,78,CVE-2026-41676
ozks,0.0086652920,103,CVE-2026-41677
ozks,0.0054176670,54,CVE-2026-41678
ozks,0.0042806250,39,CVE-2026-41681
ozks,0.0025335840,19,CVE-2026-33524
ozks,0.0127447090,167,CVE-2026-41327
ozks,0.0126754170,167,CVE-2026-41328
ozks,0.0127060840,167,CVE-2026-41492
